> mobile-expo@1.0.0 test:components
> jest --runInBand

PASS component-tests/product-form.test.tsx
  ● Console

    console.error
      An update to ProductForm inside a test was not wrapped in act(...).

      When testing, code that causes React state updates should be wrapped into act(...):

      act(() => {
        /* fire events that update state */
      });
      /* assert on the output */

      This ensures that you're testing the behavior the user would see in the browser. Learn more at https://react.dev/link/wrap-tests-with-act

      137 |       return;
      138 |     }
    > 139 |     setCategories(catList);
          |     ^
      140 |     setBrands(brandList);
      141 |     setValues(current => syncValuesWithOptions(current, catList, brandList));
      142 |   }, []);

      at node_modules/react-test-renderer/cjs/react-test-renderer.development.js:14402:19
      at runWithFiberInDEV (node_modules/react-test-renderer/cjs/react-test-renderer.development.js:2315:13)
      at warnIfUpdatesNotWrappedWithActDEV (node_modules/react-test-renderer/cjs/react-test-renderer.development.js:14401:9)
      at scheduleUpdateOnFiber (node_modules/react-test-renderer/cjs/react-test-renderer.development.js:12086:9)
      at dispatchSetStateInternal (node_modules/react-test-renderer/cjs/react-test-renderer.development.js:6208:13)
      at dispatchSetState (node_modules/react-test-renderer/cjs/react-test-renderer.development.js:6165:7)
      at setCategories (src/components/product-form.tsx:139:5)
      at applyLoadedOptions (src/components/product-form.tsx:169:7)

    console.error
      An update to ProductForm inside a test was not wrapped in act(...).

      When testing, code that causes React state updates should be wrapped into act(...):

      act(() => {
        /* fire events that update state */
      });
      /* assert on the output */

      This ensures that you're testing the behavior the user would see in the browser. Learn more at https://react.dev/link/wrap-tests-with-act

      138 |     }
      139 |     setCategories(catList);
    > 140 |     setBrands(brandList);
          |     ^
      141 |     setValues(current => syncValuesWithOptions(current, catList, brandList));
      142 |   }, []);
      143 |

      at node_modules/react-test-renderer/cjs/react-test-renderer.development.js:14402:19
      at runWithFiberInDEV (node_modules/react-test-renderer/cjs/react-test-renderer.development.js:2315:13)
      at warnIfUpdatesNotWrappedWithActDEV (node_modules/react-test-renderer/cjs/react-test-renderer.development.js:14401:9)
      at scheduleUpdateOnFiber (node_modules/react-test-renderer/cjs/react-test-renderer.development.js:12086:9)
      at dispatchSetStateInternal (node_modules/react-test-renderer/cjs/react-test-renderer.development.js:6208:13)
      at dispatchSetState (node_modules/react-test-renderer/cjs/react-test-renderer.development.js:6165:7)
      at setBrands (src/components/product-form.tsx:140:5)
      at applyLoadedOptions (src/components/product-form.tsx:169:7)

    console.error
      An update to ProductForm inside a test was not wrapped in act(...).

      When testing, code that causes React state updates should be wrapped into act(...):

      act(() => {
        /* fire events that update state */
      });
      /* assert on the output */

      This ensures that you're testing the behavior the user would see in the browser. Learn more at https://react.dev/link/wrap-tests-with-act

      139 |     setCategories(catList);
      140 |     setBrands(brandList);
    > 141 |     setValues(current => syncValuesWithOptions(current, catList, brandList));
          |     ^
      142 |   }, []);
      143 |
      144 |   const handleRetryOptions = useCallback(async () => {

      at node_modules/react-test-renderer/cjs/react-test-renderer.development.js:14402:19
      at runWithFiberInDEV (node_modules/react-test-renderer/cjs/react-test-renderer.development.js:2315:13)
      at warnIfUpdatesNotWrappedWithActDEV (node_modules/react-test-renderer/cjs/react-test-renderer.development.js:14401:9)
      at scheduleUpdateOnFiber (node_modules/react-test-renderer/cjs/react-test-renderer.development.js:12086:9)
      at dispatchSetStateInternal (node_modules/react-test-renderer/cjs/react-test-renderer.development.js:6208:13)
      at dispatchSetState (node_modules/react-test-renderer/cjs/react-test-renderer.development.js:6165:7)
      at setValues (src/components/product-form.tsx:141:5)
      at applyLoadedOptions (src/components/product-form.tsx:169:7)

    console.error
      An update to ProductForm inside a test was not wrapped in act(...).

      When testing, code that causes React state updates should be wrapped into act(...):

      act(() => {
        /* fire events that update state */
      });
      /* assert on the output */

      This ensures that you're testing the behavior the user would see in the browser. Learn more at https://react.dev/link/wrap-tests-with-act

      168 |       if (!active) return;
      169 |       applyLoadedOptions(catList, brandList);
    > 170 |       setLoadingOptions(false);
          |       ^
      171 |     }).catch(err => {
      172 |       if (!active) return;
      173 |       setCategories([]);

      at node_modules/react-test-renderer/cjs/react-test-renderer.development.js:14402:19
      at runWithFiberInDEV (node_modules/react-test-renderer/cjs/react-test-renderer.development.js:2315:13)
      at warnIfUpdatesNotWrappedWithActDEV (node_modules/react-test-renderer/cjs/react-test-renderer.development.js:14401:9)
      at scheduleUpdateOnFiber (node_modules/react-test-renderer/cjs/react-test-renderer.development.js:12086:9)
      at dispatchSetStateInternal (node_modules/react-test-renderer/cjs/react-test-renderer.development.js:6208:13)
      at dispatchSetState (node_modules/react-test-renderer/cjs/react-test-renderer.development.js:6165:7)
      at setLoadingOptions (src/components/product-form.tsx:170:7)

PASS component-tests/auth-provider.test.tsx
  ● Console

    console.error
      An update to AuthProvider inside a test was not wrapped in act(...).

      When testing, code that causes React state updates should be wrapped into act(...):

      act(() => {
        /* fire events that update state */
      });
      /* assert on the output */

      This ensures that you're testing the behavior the user would see in the browser. Learn more at https://react.dev/link/wrap-tests-with-act

      171 |       currentSessionRef.current = data.session;
      172 |       sessionUserIdRef.current = data.session?.user.id ?? null;
    > 173 |       setSession(data.session);
          |       ^
      174 |       if (data.session) {
      175 |         try { await verifyAccount(data.session); } catch { setAccount(null); }
      176 |       }

      at node_modules/react-test-renderer/cjs/react-test-renderer.development.js:14402:19
      at runWithFiberInDEV (node_modules/react-test-renderer/cjs/react-test-renderer.development.js:2315:13)
      at warnIfUpdatesNotWrappedWithActDEV (node_modules/react-test-renderer/cjs/react-test-renderer.development.js:14401:9)
      at scheduleUpdateOnFiber (node_modules/react-test-renderer/cjs/react-test-renderer.development.js:12086:9)
      at dispatchSetStateInternal (node_modules/react-test-renderer/cjs/react-test-renderer.development.js:6208:13)
      at dispatchSetState (node_modules/react-test-renderer/cjs/react-test-renderer.development.js:6165:7)
      at setSession (src/auth/auth-provider.tsx:173:7)
      at asyncGeneratorStep (node_modules/@babel/runtime/helpers/asyncToGenerator.js:3:17)
      at _next (node_modules/@babel/runtime/helpers/asyncToGenerator.js:17:9)
      at node_modules/@babel/runtime/helpers/asyncToGenerator.js:22:7
      at node_modules/@babel/runtime/helpers/asyncToGenerator.js:14:12
      at apply (src/auth/auth-provider.tsx:178:6)

    console.error
      An update to AuthProvider inside a test was not wrapped in act(...).

      When testing, code that causes React state updates should be wrapped into act(...):

      act(() => {
        /* fire events that update state */
      });
      /* assert on the output */

      This ensures that you're testing the behavior the user would see in the browser. Learn more at https://react.dev/link/wrap-tests-with-act

      112 |     expectedEpoch = authEpoch,
      113 |   ) => {
    > 114 |     setAccountChecking(true);
          |     ^
      115 |     setAccountError(null);
      116 |     try {
      117 |       const result = await loadAccount(nextSession, signal);

      at node_modules/react-test-renderer/cjs/react-test-renderer.development.js:14402:19
      at runWithFiberInDEV (node_modules/react-test-renderer/cjs/react-test-renderer.development.js:2315:13)
      at warnIfUpdatesNotWrappedWithActDEV (node_modules/react-test-renderer/cjs/react-test-renderer.development.js:14401:9)
      at scheduleUpdateOnFiber (node_modules/react-test-renderer/cjs/react-test-renderer.development.js:12086:9)
      at dispatchSetStateInternal (node_modules/react-test-renderer/cjs/react-test-renderer.development.js:6208:13)
      at dispatchSetState (node_modules/react-test-renderer/cjs/react-test-renderer.development.js:6165:7)
      at setAccountChecking (src/auth/auth-provider.tsx:114:5)
      at asyncGeneratorStep (node_modules/@babel/runtime/helpers/asyncToGenerator.js:3:17)
      at _next (node_modules/@babel/runtime/helpers/asyncToGenerator.js:17:9)
      at node_modules/@babel/runtime/helpers/asyncToGenerator.js:22:7
      at node_modules/@babel/runtime/helpers/asyncToGenerator.js:14:12
      at apply (src/auth/auth-provider.tsx:126:4)
      at verifyAccount (src/auth/auth-provider.tsx:175:21)
      at asyncGeneratorStep (node_modules/@babel/runtime/helpers/asyncToGenerator.js:3:17)
      at _next (node_modules/@babel/runtime/helpers/asyncToGenerator.js:17:9)
      at node_modules/@babel/runtime/helpers/asyncToGenerator.js:22:7
      at node_modules/@babel/runtime/helpers/asyncToGenerator.js:14:12
      at apply (src/auth/auth-provider.tsx:178:6)

    console.error
      An update to AuthProvider inside a test was not wrapped in act(...).

      When testing, code that causes React state updates should be wrapped into act(...):

      act(() => {
        /* fire events that update state */
      });
      /* assert on the output */

      This ensures that you're testing the behavior the user would see in the browser. Learn more at https://react.dev/link/wrap-tests-with-act

      113 |   ) => {
      114 |     setAccountChecking(true);
    > 115 |     setAccountError(null);
          |     ^
      116 |     try {
      117 |       const result = await loadAccount(nextSession, signal);
      118 |       if (!signal?.aborted && expectedEpoch === authEpoch) setAccount(result);

      at node_modules/react-test-renderer/cjs/react-test-renderer.development.js:14402:19
      at runWithFiberInDEV (node_modules/react-test-renderer/cjs/react-test-renderer.development.js:2315:13)
      at warnIfUpdatesNotWrappedWithActDEV (node_modules/react-test-renderer/cjs/react-test-renderer.development.js:14401:9)
      at scheduleUpdateOnFiber (node_modules/react-test-renderer/cjs/react-test-renderer.development.js:12086:9)
      at dispatchSetStateInternal (node_modules/react-test-renderer/cjs/react-test-renderer.development.js:6208:13)
      at dispatchSetState (node_modules/react-test-renderer/cjs/react-test-renderer.development.js:6165:7)
      at setAccountError (src/auth/auth-provider.tsx:115:5)
      at asyncGeneratorStep (node_modules/@babel/runtime/helpers/asyncToGenerator.js:3:17)
      at _next (node_modules/@babel/runtime/helpers/asyncToGenerator.js:17:9)
      at node_modules/@babel/runtime/helpers/asyncToGenerator.js:22:7
      at node_modules/@babel/runtime/helpers/asyncToGenerator.js:14:12
      at apply (src/auth/auth-provider.tsx:126:4)
      at verifyAccount (src/auth/auth-provider.tsx:175:21)
      at asyncGeneratorStep (node_modules/@babel/runtime/helpers/asyncToGenerator.js:3:17)
      at _next (node_modules/@babel/runtime/helpers/asyncToGenerator.js:17:9)
      at node_modules/@babel/runtime/helpers/asyncToGenerator.js:22:7
      at node_modules/@babel/runtime/helpers/asyncToGenerator.js:14:12
      at apply (src/auth/auth-provider.tsx:178:6)

    console.error
      An update to AuthProvider inside a test was not wrapped in act(...).

      When testing, code that causes React state updates should be wrapped into act(...):

      act(() => {
        /* fire events that update state */
      });
      /* assert on the output */

      This ensures that you're testing the behavior the user would see in the browser. Learn more at https://react.dev/link/wrap-tests-with-act

      171 |       currentSessionRef.current = data.session;
      172 |       sessionUserIdRef.current = data.session?.user.id ?? null;
    > 173 |       setSession(data.session);
          |       ^
      174 |       if (data.session) {
      175 |         try { await verifyAccount(data.session); } catch { setAccount(null); }
      176 |       }

      at node_modules/react-test-renderer/cjs/react-test-renderer.development.js:14402:19
      at runWithFiberInDEV (node_modules/react-test-renderer/cjs/react-test-renderer.development.js:2315:13)
      at warnIfUpdatesNotWrappedWithActDEV (node_modules/react-test-renderer/cjs/react-test-renderer.development.js:14401:9)
      at scheduleUpdateOnFiber (node_modules/react-test-renderer/cjs/react-test-renderer.development.js:12086:9)
      at dispatchSetStateInternal (node_modules/react-test-renderer/cjs/react-test-renderer.development.js:6208:13)
      at dispatchSetState (node_modules/react-test-renderer/cjs/react-test-renderer.development.js:6165:7)
      at setSession (src/auth/auth-provider.tsx:173:7)
      at asyncGeneratorStep (node_modules/@babel/runtime/helpers/asyncToGenerator.js:3:17)
      at _next (node_modules/@babel/runtime/helpers/asyncToGenerator.js:17:9)
      at node_modules/@babel/runtime/helpers/asyncToGenerator.js:22:7
      at node_modules/@babel/runtime/helpers/asyncToGenerator.js:14:12
      at apply (src/auth/auth-provider.tsx:178:6)

    console.error
      An update to AuthProvider inside a test was not wrapped in act(...).

      When testing, code that causes React state updates should be wrapped into act(...):

      act(() => {
        /* fire events that update state */
      });
      /* assert on the output */

      This ensures that you're testing the behavior the user would see in the browser. Learn more at https://react.dev/link/wrap-tests-with-act

      112 |     expectedEpoch = authEpoch,
      113 |   ) => {
    > 114 |     setAccountChecking(true);
          |     ^
      115 |     setAccountError(null);
      116 |     try {
      117 |       const result = await loadAccount(nextSession, signal);

      at node_modules/react-test-renderer/cjs/react-test-renderer.development.js:14402:19
      at runWithFiberInDEV (node_modules/react-test-renderer/cjs/react-test-renderer.development.js:2315:13)
      at warnIfUpdatesNotWrappedWithActDEV (node_modules/react-test-renderer/cjs/react-test-renderer.development.js:14401:9)
      at scheduleUpdateOnFiber (node_modules/react-test-renderer/cjs/react-test-renderer.development.js:12086:9)
      at dispatchSetStateInternal (node_modules/react-test-renderer/cjs/react-test-renderer.development.js:6208:13)
      at dispatchSetState (node_modules/react-test-renderer/cjs/react-test-renderer.development.js:6165:7)
      at setAccountChecking (src/auth/auth-provider.tsx:114:5)
      at asyncGeneratorStep (node_modules/@babel/runtime/helpers/asyncToGenerator.js:3:17)
      at _next (node_modules/@babel/runtime/helpers/asyncToGenerator.js:17:9)
      at node_modules/@babel/runtime/helpers/asyncToGenerator.js:22:7
      at node_modules/@babel/runtime/helpers/asyncToGenerator.js:14:12
      at apply (src/auth/auth-provider.tsx:126:4)
      at verifyAccount (src/auth/auth-provider.tsx:175:21)
      at asyncGeneratorStep (node_modules/@babel/runtime/helpers/asyncToGenerator.js:3:17)
      at _next (node_modules/@babel/runtime/helpers/asyncToGenerator.js:17:9)
      at node_modules/@babel/runtime/helpers/asyncToGenerator.js:22:7
      at node_modules/@babel/runtime/helpers/asyncToGenerator.js:14:12
      at apply (src/auth/auth-provider.tsx:178:6)

    console.error
      An update to AuthProvider inside a test was not wrapped in act(...).

      When testing, code that causes React state updates should be wrapped into act(...):

      act(() => {
        /* fire events that update state */
      });
      /* assert on the output */

      This ensures that you're testing the behavior the user would see in the browser. Learn more at https://react.dev/link/wrap-tests-with-act

      113 |   ) => {
      114 |     setAccountChecking(true);
    > 115 |     setAccountError(null);
          |     ^
      116 |     try {
      117 |       const result = await loadAccount(nextSession, signal);
      118 |       if (!signal?.aborted && expectedEpoch === authEpoch) setAccount(result);

      at node_modules/react-test-renderer/cjs/react-test-renderer.development.js:14402:19
      at runWithFiberInDEV (node_modules/react-test-renderer/cjs/react-test-renderer.development.js:2315:13)
      at warnIfUpdatesNotWrappedWithActDEV (node_modules/react-test-renderer/cjs/react-test-renderer.development.js:14401:9)
      at scheduleUpdateOnFiber (node_modules/react-test-renderer/cjs/react-test-renderer.development.js:12086:9)
      at dispatchSetStateInternal (node_modules/react-test-renderer/cjs/react-test-renderer.development.js:6208:13)
      at dispatchSetState (node_modules/react-test-renderer/cjs/react-test-renderer.development.js:6165:7)
      at setAccountError (src/auth/auth-provider.tsx:115:5)
      at asyncGeneratorStep (node_modules/@babel/runtime/helpers/asyncToGenerator.js:3:17)
      at _next (node_modules/@babel/runtime/helpers/asyncToGenerator.js:17:9)
      at node_modules/@babel/runtime/helpers/asyncToGenerator.js:22:7
      at node_modules/@babel/runtime/helpers/asyncToGenerator.js:14:12
      at apply (src/auth/auth-provider.tsx:126:4)
      at verifyAccount (src/auth/auth-provider.tsx:175:21)
      at asyncGeneratorStep (node_modules/@babel/runtime/helpers/asyncToGenerator.js:3:17)
      at _next (node_modules/@babel/runtime/helpers/asyncToGenerator.js:17:9)
      at node_modules/@babel/runtime/helpers/asyncToGenerator.js:22:7
      at node_modules/@babel/runtime/helpers/asyncToGenerator.js:14:12
      at apply (src/auth/auth-provider.tsx:178:6)

    console.error
      An update to AuthProvider inside a test was not wrapped in act(...).

      When testing, code that causes React state updates should be wrapped into act(...):

      act(() => {
        /* fire events that update state */
      });
      /* assert on the output */

      This ensures that you're testing the behavior the user would see in the browser. Learn more at https://react.dev/link/wrap-tests-with-act

      171 |       currentSessionRef.current = data.session;
      172 |       sessionUserIdRef.current = data.session?.user.id ?? null;
    > 173 |       setSession(data.session);
          |       ^
      174 |       if (data.session) {
      175 |         try { await verifyAccount(data.session); } catch { setAccount(null); }
      176 |       }

      at node_modules/react-test-renderer/cjs/react-test-renderer.development.js:14402:19
      at runWithFiberInDEV (node_modules/react-test-renderer/cjs/react-test-renderer.development.js:2315:13)
      at warnIfUpdatesNotWrappedWithActDEV (node_modules/react-test-renderer/cjs/react-test-renderer.development.js:14401:9)
      at scheduleUpdateOnFiber (node_modules/react-test-renderer/cjs/react-test-renderer.development.js:12086:9)
      at dispatchSetStateInternal (node_modules/react-test-renderer/cjs/react-test-renderer.development.js:6208:13)
      at dispatchSetState (node_modules/react-test-renderer/cjs/react-test-renderer.development.js:6165:7)
      at setSession (src/auth/auth-provider.tsx:173:7)
      at asyncGeneratorStep (node_modules/@babel/runtime/helpers/asyncToGenerator.js:3:17)
      at _next (node_modules/@babel/runtime/helpers/asyncToGenerator.js:17:9)
      at node_modules/@babel/runtime/helpers/asyncToGenerator.js:22:7
      at node_modules/@babel/runtime/helpers/asyncToGenerator.js:14:12
      at apply (src/auth/auth-provider.tsx:178:6)

    console.error
      An update to AuthProvider inside a test was not wrapped in act(...).

      When testing, code that causes React state updates should be wrapped into act(...):

      act(() => {
        /* fire events that update state */
      });
      /* assert on the output */

      This ensures that you're testing the behavior the user would see in the browser. Learn more at https://react.dev/link/wrap-tests-with-act

      112 |     expectedEpoch = authEpoch,
      113 |   ) => {
    > 114 |     setAccountChecking(true);
          |     ^
      115 |     setAccountError(null);
      116 |     try {
      117 |       const result = await loadAccount(nextSession, signal);

      at node_modules/react-test-renderer/cjs/react-test-renderer.development.js:14402:19
      at runWithFiberInDEV (node_modules/react-test-renderer/cjs/react-test-renderer.development.js:2315:13)
      at warnIfUpdatesNotWrappedWithActDEV (node_modules/react-test-renderer/cjs/react-test-renderer.development.js:14401:9)
      at scheduleUpdateOnFiber (node_modules/react-test-renderer/cjs/react-test-renderer.development.js:12086:9)
      at dispatchSetStateInternal (node_modules/react-test-renderer/cjs/react-test-renderer.development.js:6208:13)
      at dispatchSetState (node_modules/react-test-renderer/cjs/react-test-renderer.development.js:6165:7)
      at setAccountChecking (src/auth/auth-provider.tsx:114:5)
      at asyncGeneratorStep (node_modules/@babel/runtime/helpers/asyncToGenerator.js:3:17)
      at _next (node_modules/@babel/runtime/helpers/asyncToGenerator.js:17:9)
      at node_modules/@babel/runtime/helpers/asyncToGenerator.js:22:7
      at node_modules/@babel/runtime/helpers/asyncToGenerator.js:14:12
      at apply (src/auth/auth-provider.tsx:126:4)
      at verifyAccount (src/auth/auth-provider.tsx:175:21)
      at asyncGeneratorStep (node_modules/@babel/runtime/helpers/asyncToGenerator.js:3:17)
      at _next (node_modules/@babel/runtime/helpers/asyncToGenerator.js:17:9)
      at node_modules/@babel/runtime/helpers/asyncToGenerator.js:22:7
      at node_modules/@babel/runtime/helpers/asyncToGenerator.js:14:12
      at apply (src/auth/auth-provider.tsx:178:6)

    console.error
      An update to AuthProvider inside a test was not wrapped in act(...).

      When testing, code that causes React state updates should be wrapped into act(...):

      act(() => {
        /* fire events that update state */
      });
      /* assert on the output */

      This ensures that you're testing the behavior the user would see in the browser. Learn more at https://react.dev/link/wrap-tests-with-act

      113 |   ) => {
      114 |     setAccountChecking(true);
    > 115 |     setAccountError(null);
          |     ^
      116 |     try {
      117 |       const result = await loadAccount(nextSession, signal);
      118 |       if (!signal?.aborted && expectedEpoch === authEpoch) setAccount(result);

      at node_modules/react-test-renderer/cjs/react-test-renderer.development.js:14402:19
      at runWithFiberInDEV (node_modules/react-test-renderer/cjs/react-test-renderer.development.js:2315:13)
      at warnIfUpdatesNotWrappedWithActDEV (node_modules/react-test-renderer/cjs/react-test-renderer.development.js:14401:9)
      at scheduleUpdateOnFiber (node_modules/react-test-renderer/cjs/react-test-renderer.development.js:12086:9)
      at dispatchSetStateInternal (node_modules/react-test-renderer/cjs/react-test-renderer.development.js:6208:13)
      at dispatchSetState (node_modules/react-test-renderer/cjs/react-test-renderer.development.js:6165:7)
      at setAccountError (src/auth/auth-provider.tsx:115:5)
      at asyncGeneratorStep (node_modules/@babel/runtime/helpers/asyncToGenerator.js:3:17)
      at _next (node_modules/@babel/runtime/helpers/asyncToGenerator.js:17:9)
      at node_modules/@babel/runtime/helpers/asyncToGenerator.js:22:7
      at node_modules/@babel/runtime/helpers/asyncToGenerator.js:14:12
      at apply (src/auth/auth-provider.tsx:126:4)
      at verifyAccount (src/auth/auth-provider.tsx:175:21)
      at asyncGeneratorStep (node_modules/@babel/runtime/helpers/asyncToGenerator.js:3:17)
      at _next (node_modules/@babel/runtime/helpers/asyncToGenerator.js:17:9)
      at node_modules/@babel/runtime/helpers/asyncToGenerator.js:22:7
      at node_modules/@babel/runtime/helpers/asyncToGenerator.js:14:12
      at apply (src/auth/auth-provider.tsx:178:6)

    console.error
      An update to AuthProvider inside a test was not wrapped in act(...).

      When testing, code that causes React state updates should be wrapped into act(...):

      act(() => {
        /* fire events that update state */
      });
      /* assert on the output */

      This ensures that you're testing the behavior the user would see in the browser. Learn more at https://react.dev/link/wrap-tests-with-act

      171 |       currentSessionRef.current = data.session;
      172 |       sessionUserIdRef.current = data.session?.user.id ?? null;
    > 173 |       setSession(data.session);
          |       ^
      174 |       if (data.session) {
      175 |         try { await verifyAccount(data.session); } catch { setAccount(null); }
      176 |       }

      at node_modules/react-test-renderer/cjs/react-test-renderer.development.js:14402:19
      at runWithFiberInDEV (node_modules/react-test-renderer/cjs/react-test-renderer.development.js:2315:13)
      at warnIfUpdatesNotWrappedWithActDEV (node_modules/react-test-renderer/cjs/react-test-renderer.development.js:14401:9)
      at scheduleUpdateOnFiber (node_modules/react-test-renderer/cjs/react-test-renderer.development.js:12086:9)
      at dispatchSetStateInternal (node_modules/react-test-renderer/cjs/react-test-renderer.development.js:6208:13)
      at dispatchSetState (node_modules/react-test-renderer/cjs/react-test-renderer.development.js:6165:7)
      at setSession (src/auth/auth-provider.tsx:173:7)
      at asyncGeneratorStep (node_modules/@babel/runtime/helpers/asyncToGenerator.js:3:17)
      at _next (node_modules/@babel/runtime/helpers/asyncToGenerator.js:17:9)
      at node_modules/@babel/runtime/helpers/asyncToGenerator.js:22:7
      at node_modules/@babel/runtime/helpers/asyncToGenerator.js:14:12
      at apply (src/auth/auth-provider.tsx:178:6)

    console.error
      An update to AuthProvider inside a test was not wrapped in act(...).

      When testing, code that causes React state updates should be wrapped into act(...):

      act(() => {
        /* fire events that update state */
      });
      /* assert on the output */

      This ensures that you're testing the behavior the user would see in the browser. Learn more at https://react.dev/link/wrap-tests-with-act

      112 |     expectedEpoch = authEpoch,
      113 |   ) => {
    > 114 |     setAccountChecking(true);
          |     ^
      115 |     setAccountError(null);
      116 |     try {
      117 |       const result = await loadAccount(nextSession, signal);

      at node_modules/react-test-renderer/cjs/react-test-renderer.development.js:14402:19
      at runWithFiberInDEV (node_modules/react-test-renderer/cjs/react-test-renderer.development.js:2315:13)
      at warnIfUpdatesNotWrappedWithActDEV (node_modules/react-test-renderer/cjs/react-test-renderer.development.js:14401:9)
      at scheduleUpdateOnFiber (node_modules/react-test-renderer/cjs/react-test-renderer.development.js:12086:9)
      at dispatchSetStateInternal (node_modules/react-test-renderer/cjs/react-test-renderer.development.js:6208:13)
      at dispatchSetState (node_modules/react-test-renderer/cjs/react-test-renderer.development.js:6165:7)
      at setAccountChecking (src/auth/auth-provider.tsx:114:5)
      at asyncGeneratorStep (node_modules/@babel/runtime/helpers/asyncToGenerator.js:3:17)
      at _next (node_modules/@babel/runtime/helpers/asyncToGenerator.js:17:9)
      at node_modules/@babel/runtime/helpers/asyncToGenerator.js:22:7
      at node_modules/@babel/runtime/helpers/asyncToGenerator.js:14:12
      at apply (src/auth/auth-provider.tsx:126:4)
      at verifyAccount (src/auth/auth-provider.tsx:175:21)
      at asyncGeneratorStep (node_modules/@babel/runtime/helpers/asyncToGenerator.js:3:17)
      at _next (node_modules/@babel/runtime/helpers/asyncToGenerator.js:17:9)
      at node_modules/@babel/runtime/helpers/asyncToGenerator.js:22:7
      at node_modules/@babel/runtime/helpers/asyncToGenerator.js:14:12
      at apply (src/auth/auth-provider.tsx:178:6)

    console.error
      An update to AuthProvider inside a test was not wrapped in act(...).

      When testing, code that causes React state updates should be wrapped into act(...):

      act(() => {
        /* fire events that update state */
      });
      /* assert on the output */

      This ensures that you're testing the behavior the user would see in the browser. Learn more at https://react.dev/link/wrap-tests-with-act

      113 |   ) => {
      114 |     setAccountChecking(true);
    > 115 |     setAccountError(null);
          |     ^
      116 |     try {
      117 |       const result = await loadAccount(nextSession, signal);
      118 |       if (!signal?.aborted && expectedEpoch === authEpoch) setAccount(result);

      at node_modules/react-test-renderer/cjs/react-test-renderer.development.js:14402:19
      at runWithFiberInDEV (node_modules/react-test-renderer/cjs/react-test-renderer.development.js:2315:13)
      at warnIfUpdatesNotWrappedWithActDEV (node_modules/react-test-renderer/cjs/react-test-renderer.development.js:14401:9)
      at scheduleUpdateOnFiber (node_modules/react-test-renderer/cjs/react-test-renderer.development.js:12086:9)
      at dispatchSetStateInternal (node_modules/react-test-renderer/cjs/react-test-renderer.development.js:6208:13)
      at dispatchSetState (node_modules/react-test-renderer/cjs/react-test-renderer.development.js:6165:7)
      at setAccountError (src/auth/auth-provider.tsx:115:5)
      at asyncGeneratorStep (node_modules/@babel/runtime/helpers/asyncToGenerator.js:3:17)
      at _next (node_modules/@babel/runtime/helpers/asyncToGenerator.js:17:9)
      at node_modules/@babel/runtime/helpers/asyncToGenerator.js:22:7
      at node_modules/@babel/runtime/helpers/asyncToGenerator.js:14:12
      at apply (src/auth/auth-provider.tsx:126:4)
      at verifyAccount (src/auth/auth-provider.tsx:175:21)
      at asyncGeneratorStep (node_modules/@babel/runtime/helpers/asyncToGenerator.js:3:17)
      at _next (node_modules/@babel/runtime/helpers/asyncToGenerator.js:17:9)
      at node_modules/@babel/runtime/helpers/asyncToGenerator.js:22:7
      at node_modules/@babel/runtime/helpers/asyncToGenerator.js:14:12
      at apply (src/auth/auth-provider.tsx:178:6)

    console.error
      An update to AuthProvider inside a test was not wrapped in act(...).

      When testing, code that causes React state updates should be wrapped into act(...):

      act(() => {
        /* fire events that update state */
      });
      /* assert on the output */

      This ensures that you're testing the behavior the user would see in the browser. Learn more at https://react.dev/link/wrap-tests-with-act

      171 |       currentSessionRef.current = data.session;
      172 |       sessionUserIdRef.current = data.session?.user.id ?? null;
    > 173 |       setSession(data.session);
          |       ^
      174 |       if (data.session) {
      175 |         try { await verifyAccount(data.session); } catch { setAccount(null); }
      176 |       }

      at node_modules/react-test-renderer/cjs/react-test-renderer.development.js:14402:19
      at runWithFiberInDEV (node_modules/react-test-renderer/cjs/react-test-renderer.development.js:2315:13)
      at warnIfUpdatesNotWrappedWithActDEV (node_modules/react-test-renderer/cjs/react-test-renderer.development.js:14401:9)
      at scheduleUpdateOnFiber (node_modules/react-test-renderer/cjs/react-test-renderer.development.js:12086:9)
      at dispatchSetStateInternal (node_modules/react-test-renderer/cjs/react-test-renderer.development.js:6208:13)
      at dispatchSetState (node_modules/react-test-renderer/cjs/react-test-renderer.development.js:6165:7)
      at setSession (src/auth/auth-provider.tsx:173:7)
      at asyncGeneratorStep (node_modules/@babel/runtime/helpers/asyncToGenerator.js:3:17)
      at _next (node_modules/@babel/runtime/helpers/asyncToGenerator.js:17:9)
      at node_modules/@babel/runtime/helpers/asyncToGenerator.js:22:7
      at node_modules/@babel/runtime/helpers/asyncToGenerator.js:14:12
      at apply (src/auth/auth-provider.tsx:178:6)

    console.error
      An update to AuthProvider inside a test was not wrapped in act(...).

      When testing, code that causes React state updates should be wrapped into act(...):

      act(() => {
        /* fire events that update state */
      });
      /* assert on the output */

      This ensures that you're testing the behavior the user would see in the browser. Learn more at https://react.dev/link/wrap-tests-with-act

      112 |     expectedEpoch = authEpoch,
      113 |   ) => {
    > 114 |     setAccountChecking(true);
          |     ^
      115 |     setAccountError(null);
      116 |     try {
      117 |       const result = await loadAccount(nextSession, signal);

      at node_modules/react-test-renderer/cjs/react-test-renderer.development.js:14402:19
      at runWithFiberInDEV (node_modules/react-test-renderer/cjs/react-test-renderer.development.js:2315:13)
      at warnIfUpdatesNotWrappedWithActDEV (node_modules/react-test-renderer/cjs/react-test-renderer.development.js:14401:9)
      at scheduleUpdateOnFiber (node_modules/react-test-renderer/cjs/react-test-renderer.development.js:12086:9)
      at dispatchSetStateInternal (node_modules/react-test-renderer/cjs/react-test-renderer.development.js:6208:13)
      at dispatchSetState (node_modules/react-test-renderer/cjs/react-test-renderer.development.js:6165:7)
      at setAccountChecking (src/auth/auth-provider.tsx:114:5)
      at asyncGeneratorStep (node_modules/@babel/runtime/helpers/asyncToGenerator.js:3:17)
      at _next (node_modules/@babel/runtime/helpers/asyncToGenerator.js:17:9)
      at node_modules/@babel/runtime/helpers/asyncToGenerator.js:22:7
      at node_modules/@babel/runtime/helpers/asyncToGenerator.js:14:12
      at apply (src/auth/auth-provider.tsx:126:4)
      at verifyAccount (src/auth/auth-provider.tsx:175:21)
      at asyncGeneratorStep (node_modules/@babel/runtime/helpers/asyncToGenerator.js:3:17)
      at _next (node_modules/@babel/runtime/helpers/asyncToGenerator.js:17:9)
      at node_modules/@babel/runtime/helpers/asyncToGenerator.js:22:7
      at node_modules/@babel/runtime/helpers/asyncToGenerator.js:14:12
      at apply (src/auth/auth-provider.tsx:178:6)

    console.error
      An update to AuthProvider inside a test was not wrapped in act(...).

      When testing, code that causes React state updates should be wrapped into act(...):

      act(() => {
        /* fire events that update state */
      });
      /* assert on the output */

      This ensures that you're testing the behavior the user would see in the browser. Learn more at https://react.dev/link/wrap-tests-with-act

      113 |   ) => {
      114 |     setAccountChecking(true);
    > 115 |     setAccountError(null);
          |     ^
      116 |     try {
      117 |       const result = await loadAccount(nextSession, signal);
      118 |       if (!signal?.aborted && expectedEpoch === authEpoch) setAccount(result);

      at node_modules/react-test-renderer/cjs/react-test-renderer.development.js:14402:19
      at runWithFiberInDEV (node_modules/react-test-renderer/cjs/react-test-renderer.development.js:2315:13)
      at warnIfUpdatesNotWrappedWithActDEV (node_modules/react-test-renderer/cjs/react-test-renderer.development.js:14401:9)
      at scheduleUpdateOnFiber (node_modules/react-test-renderer/cjs/react-test-renderer.development.js:12086:9)
      at dispatchSetStateInternal (node_modules/react-test-renderer/cjs/react-test-renderer.development.js:6208:13)
      at dispatchSetState (node_modules/react-test-renderer/cjs/react-test-renderer.development.js:6165:7)
      at setAccountError (src/auth/auth-provider.tsx:115:5)
      at asyncGeneratorStep (node_modules/@babel/runtime/helpers/asyncToGenerator.js:3:17)
      at _next (node_modules/@babel/runtime/helpers/asyncToGenerator.js:17:9)
      at node_modules/@babel/runtime/helpers/asyncToGenerator.js:22:7
      at node_modules/@babel/runtime/helpers/asyncToGenerator.js:14:12
      at apply (src/auth/auth-provider.tsx:126:4)
      at verifyAccount (src/auth/auth-provider.tsx:175:21)
      at asyncGeneratorStep (node_modules/@babel/runtime/helpers/asyncToGenerator.js:3:17)
      at _next (node_modules/@babel/runtime/helpers/asyncToGenerator.js:17:9)
      at node_modules/@babel/runtime/helpers/asyncToGenerator.js:22:7
      at node_modules/@babel/runtime/helpers/asyncToGenerator.js:14:12
      at apply (src/auth/auth-provider.tsx:178:6)

    console.error
      An update to AuthProvider inside a test was not wrapped in act(...).

      When testing, code that causes React state updates should be wrapped into act(...):

      act(() => {
        /* fire events that update state */
      });
      /* assert on the output */

      This ensures that you're testing the behavior the user would see in the browser. Learn more at https://react.dev/link/wrap-tests-with-act

      175 |         try { await verifyAccount(data.session); } catch { setAccount(null); }
      176 |       }
    > 177 |       if (mounted) setInitializing(false);
          |                    ^
      178 |     });
      179 |     const { data: subscription } = supabase.auth.onAuthStateChange((event, nextSession) => {
      180 |       if (!mounted) return;

      at node_modules/react-test-renderer/cjs/react-test-renderer.development.js:14402:19
      at runWithFiberInDEV (node_modules/react-test-renderer/cjs/react-test-renderer.development.js:2315:13)
      at warnIfUpdatesNotWrappedWithActDEV (node_modules/react-test-renderer/cjs/react-test-renderer.development.js:14401:9)
      at scheduleUpdateOnFiber (node_modules/react-test-renderer/cjs/react-test-renderer.development.js:12086:9)
      at dispatchSetStateInternal (node_modules/react-test-renderer/cjs/react-test-renderer.development.js:6208:13)
      at dispatchSetState (node_modules/react-test-renderer/cjs/react-test-renderer.development.js:6165:7)
      at setInitializing (src/auth/auth-provider.tsx:177:20)
      at asyncGeneratorStep (node_modules/@babel/runtime/helpers/asyncToGenerator.js:3:17)
      at _next (node_modules/@babel/runtime/helpers/asyncToGenerator.js:17:9)
      at node_modules/@babel/runtime/helpers/asyncToGenerator.js:22:7
      at node_modules/@babel/runtime/helpers/asyncToGenerator.js:14:12
      at apply (src/auth/auth-provider.tsx:178:6)

    console.error
      An update to AuthProvider inside a test was not wrapped in act(...).

      When testing, code that causes React state updates should be wrapped into act(...):

      act(() => {
        /* fire events that update state */
      });
      /* assert on the output */

      This ensures that you're testing the behavior the user would see in the browser. Learn more at https://react.dev/link/wrap-tests-with-act

      175 |         try { await verifyAccount(data.session); } catch { setAccount(null); }
      176 |       }
    > 177 |       if (mounted) setInitializing(false);
          |                    ^
      178 |     });
      179 |     const { data: subscription } = supabase.auth.onAuthStateChange((event, nextSession) => {
      180 |       if (!mounted) return;

      at node_modules/react-test-renderer/cjs/react-test-renderer.development.js:14402:19
      at runWithFiberInDEV (node_modules/react-test-renderer/cjs/react-test-renderer.development.js:2315:13)
      at warnIfUpdatesNotWrappedWithActDEV (node_modules/react-test-renderer/cjs/react-test-renderer.development.js:14401:9)
      at scheduleUpdateOnFiber (node_modules/react-test-renderer/cjs/react-test-renderer.development.js:12086:9)
      at dispatchSetStateInternal (node_modules/react-test-renderer/cjs/react-test-renderer.development.js:6208:13)
      at dispatchSetState (node_modules/react-test-renderer/cjs/react-test-renderer.development.js:6165:7)
      at setInitializing (src/auth/auth-provider.tsx:177:20)
      at asyncGeneratorStep (node_modules/@babel/runtime/helpers/asyncToGenerator.js:3:17)
      at _next (node_modules/@babel/runtime/helpers/asyncToGenerator.js:17:9)
      at node_modules/@babel/runtime/helpers/asyncToGenerator.js:22:7
      at node_modules/@babel/runtime/helpers/asyncToGenerator.js:14:12
      at apply (src/auth/auth-provider.tsx:178:6)

    console.error
      An update to AuthProvider inside a test was not wrapped in act(...).

      When testing, code that causes React state updates should be wrapped into act(...):

      act(() => {
        /* fire events that update state */
      });
      /* assert on the output */

      This ensures that you're testing the behavior the user would see in the browser. Learn more at https://react.dev/link/wrap-tests-with-act

      270 |       if (supabase) await supabase.auth.signOut({ scope });
      271 |     } finally {
    > 272 |       setSession(null);
          |       ^
      273 |       setAccount(null);
      274 |       setAccountError(null);
      275 |       setAccountChecking(false);

      at node_modules/react-test-renderer/cjs/react-test-renderer.development.js:14402:19
      at runWithFiberInDEV (node_modules/react-test-renderer/cjs/react-test-renderer.development.js:2315:13)
      at warnIfUpdatesNotWrappedWithActDEV (node_modules/react-test-renderer/cjs/react-test-renderer.development.js:14401:9)
      at scheduleUpdateOnFiber (node_modules/react-test-renderer/cjs/react-test-renderer.development.js:12086:9)
      at dispatchSetStateInternal (node_modules/react-test-renderer/cjs/react-test-renderer.development.js:6208:13)
      at dispatchSetState (node_modules/react-test-renderer/cjs/react-test-renderer.development.js:6165:7)
      at setSession (src/auth/auth-provider.tsx:272:7)
      at asyncGeneratorStep (node_modules/@babel/runtime/helpers/asyncToGenerator.js:3:17)
      at _next (node_modules/@babel/runtime/helpers/asyncToGenerator.js:17:9)

    console.error
      An update to AuthProvider inside a test was not wrapped in act(...).

      When testing, code that causes React state updates should be wrapped into act(...):

      act(() => {
        /* fire events that update state */
      });
      /* assert on the output */

      This ensures that you're testing the behavior the user would see in the browser. Learn more at https://react.dev/link/wrap-tests-with-act

      271 |     } finally {
      272 |       setSession(null);
    > 273 |       setAccount(null);
          |       ^
      274 |       setAccountError(null);
      275 |       setAccountChecking(false);
      276 |       setRoleSaving(false);

      at node_modules/react-test-renderer/cjs/react-test-renderer.development.js:14402:19
      at runWithFiberInDEV (node_modules/react-test-renderer/cjs/react-test-renderer.development.js:2315:13)
      at warnIfUpdatesNotWrappedWithActDEV (node_modules/react-test-renderer/cjs/react-test-renderer.development.js:14401:9)
      at scheduleUpdateOnFiber (node_modules/react-test-renderer/cjs/react-test-renderer.development.js:12086:9)
      at dispatchSetStateInternal (node_modules/react-test-renderer/cjs/react-test-renderer.development.js:6208:13)
      at dispatchSetState (node_modules/react-test-renderer/cjs/react-test-renderer.development.js:6165:7)
      at setAccount (src/auth/auth-provider.tsx:273:7)
      at asyncGeneratorStep (node_modules/@babel/runtime/helpers/asyncToGenerator.js:3:17)
      at _next (node_modules/@babel/runtime/helpers/asyncToGenerator.js:17:9)

    console.error
      An update to AuthProvider inside a test was not wrapped in act(...).

      When testing, code that causes React state updates should be wrapped into act(...):

      act(() => {
        /* fire events that update state */
      });
      /* assert on the output */

      This ensures that you're testing the behavior the user would see in the browser. Learn more at https://react.dev/link/wrap-tests-with-act

      272 |       setSession(null);
      273 |       setAccount(null);
    > 274 |       setAccountError(null);
          |       ^
      275 |       setAccountChecking(false);
      276 |       setRoleSaving(false);
      277 |       setRoleError(null);

      at node_modules/react-test-renderer/cjs/react-test-renderer.development.js:14402:19
      at runWithFiberInDEV (node_modules/react-test-renderer/cjs/react-test-renderer.development.js:2315:13)
      at warnIfUpdatesNotWrappedWithActDEV (node_modules/react-test-renderer/cjs/react-test-renderer.development.js:14401:9)
      at scheduleUpdateOnFiber (node_modules/react-test-renderer/cjs/react-test-renderer.development.js:12086:9)
      at dispatchSetStateInternal (node_modules/react-test-renderer/cjs/react-test-renderer.development.js:6208:13)
      at dispatchSetState (node_modules/react-test-renderer/cjs/react-test-renderer.development.js:6165:7)
      at setAccountError (src/auth/auth-provider.tsx:274:7)
      at asyncGeneratorStep (node_modules/@babel/runtime/helpers/asyncToGenerator.js:3:17)
      at _next (node_modules/@babel/runtime/helpers/asyncToGenerator.js:17:9)

    console.error
      An update to AuthProvider inside a test was not wrapped in act(...).

      When testing, code that causes React state updates should be wrapped into act(...):

      act(() => {
        /* fire events that update state */
      });
      /* assert on the output */

      This ensures that you're testing the behavior the user would see in the browser. Learn more at https://react.dev/link/wrap-tests-with-act

      273 |       setAccount(null);
      274 |       setAccountError(null);
    > 275 |       setAccountChecking(false);
          |       ^
      276 |       setRoleSaving(false);
      277 |       setRoleError(null);
      278 |       completedCallbacks.clear();

      at node_modules/react-test-renderer/cjs/react-test-renderer.development.js:14402:19
      at runWithFiberInDEV (node_modules/react-test-renderer/cjs/react-test-renderer.development.js:2315:13)
      at warnIfUpdatesNotWrappedWithActDEV (node_modules/react-test-renderer/cjs/react-test-renderer.development.js:14401:9)
      at scheduleUpdateOnFiber (node_modules/react-test-renderer/cjs/react-test-renderer.development.js:12086:9)
      at dispatchSetStateInternal (node_modules/react-test-renderer/cjs/react-test-renderer.development.js:6208:13)
      at dispatchSetState (node_modules/react-test-renderer/cjs/react-test-renderer.development.js:6165:7)
      at setAccountChecking (src/auth/auth-provider.tsx:275:7)
      at asyncGeneratorStep (node_modules/@babel/runtime/helpers/asyncToGenerator.js:3:17)
      at _next (node_modules/@babel/runtime/helpers/asyncToGenerator.js:17:9)

    console.error
      An update to AuthProvider inside a test was not wrapped in act(...).

      When testing, code that causes React state updates should be wrapped into act(...):

      act(() => {
        /* fire events that update state */
      });
      /* assert on the output */

      This ensures that you're testing the behavior the user would see in the browser. Learn more at https://react.dev/link/wrap-tests-with-act

      274 |       setAccountError(null);
      275 |       setAccountChecking(false);
    > 276 |       setRoleSaving(false);
          |       ^
      277 |       setRoleError(null);
      278 |       completedCallbacks.clear();
      279 |     }

      at node_modules/react-test-renderer/cjs/react-test-renderer.development.js:14402:19
      at runWithFiberInDEV (node_modules/react-test-renderer/cjs/react-test-renderer.development.js:2315:13)
      at warnIfUpdatesNotWrappedWithActDEV (node_modules/react-test-renderer/cjs/react-test-renderer.development.js:14401:9)
      at scheduleUpdateOnFiber (node_modules/react-test-renderer/cjs/react-test-renderer.development.js:12086:9)
      at dispatchSetStateInternal (node_modules/react-test-renderer/cjs/react-test-renderer.development.js:6208:13)
      at dispatchSetState (node_modules/react-test-renderer/cjs/react-test-renderer.development.js:6165:7)
      at setRoleSaving (src/auth/auth-provider.tsx:276:7)
      at asyncGeneratorStep (node_modules/@babel/runtime/helpers/asyncToGenerator.js:3:17)
      at _next (node_modules/@babel/runtime/helpers/asyncToGenerator.js:17:9)

    console.error
      An update to AuthProvider inside a test was not wrapped in act(...).

      When testing, code that causes React state updates should be wrapped into act(...):

      act(() => {
        /* fire events that update state */
      });
      /* assert on the output */

      This ensures that you're testing the behavior the user would see in the browser. Learn more at https://react.dev/link/wrap-tests-with-act

      275 |       setAccountChecking(false);
      276 |       setRoleSaving(false);
    > 277 |       setRoleError(null);
          |       ^
      278 |       completedCallbacks.clear();
      279 |     }
      280 |   }, [supabase]);

      at node_modules/react-test-renderer/cjs/react-test-renderer.development.js:14402:19
      at runWithFiberInDEV (node_modules/react-test-renderer/cjs/react-test-renderer.development.js:2315:13)
      at warnIfUpdatesNotWrappedWithActDEV (node_modules/react-test-renderer/cjs/react-test-renderer.development.js:14401:9)
      at scheduleUpdateOnFiber (node_modules/react-test-renderer/cjs/react-test-renderer.development.js:12086:9)
      at dispatchSetStateInternal (node_modules/react-test-renderer/cjs/react-test-renderer.development.js:6208:13)
      at dispatchSetState (node_modules/react-test-renderer/cjs/react-test-renderer.development.js:6165:7)
      at setRoleError (src/auth/auth-provider.tsx:277:7)
      at asyncGeneratorStep (node_modules/@babel/runtime/helpers/asyncToGenerator.js:3:17)
      at _next (node_modules/@babel/runtime/helpers/asyncToGenerator.js:17:9)

    console.error
      An update to AuthProvider inside a test was not wrapped in act(...).

      When testing, code that causes React state updates should be wrapped into act(...):

      act(() => {
        /* fire events that update state */
      });
      /* assert on the output */

      This ensures that you're testing the behavior the user would see in the browser. Learn more at https://react.dev/link/wrap-tests-with-act

      175 |         try { await verifyAccount(data.session); } catch { setAccount(null); }
      176 |       }
    > 177 |       if (mounted) setInitializing(false);
          |                    ^
      178 |     });
      179 |     const { data: subscription } = supabase.auth.onAuthStateChange((event, nextSession) => {
      180 |       if (!mounted) return;

      at node_modules/react-test-renderer/cjs/react-test-renderer.development.js:14402:19
      at runWithFiberInDEV (node_modules/react-test-renderer/cjs/react-test-renderer.development.js:2315:13)
      at warnIfUpdatesNotWrappedWithActDEV (node_modules/react-test-renderer/cjs/react-test-renderer.development.js:14401:9)
      at scheduleUpdateOnFiber (node_modules/react-test-renderer/cjs/react-test-renderer.development.js:12086:9)
      at dispatchSetStateInternal (node_modules/react-test-renderer/cjs/react-test-renderer.development.js:6208:13)
      at dispatchSetState (node_modules/react-test-renderer/cjs/react-test-renderer.development.js:6165:7)
      at setInitializing (src/auth/auth-provider.tsx:177:20)
      at asyncGeneratorStep (node_modules/@babel/runtime/helpers/asyncToGenerator.js:3:17)
      at _next (node_modules/@babel/runtime/helpers/asyncToGenerator.js:17:9)
      at node_modules/@babel/runtime/helpers/asyncToGenerator.js:22:7
      at node_modules/@babel/runtime/helpers/asyncToGenerator.js:14:12
      at apply (src/auth/auth-provider.tsx:178:6)

    console.error
      An update to AuthProvider inside a test was not wrapped in act(...).

      When testing, code that causes React state updates should be wrapped into act(...):

      act(() => {
        /* fire events that update state */
      });
      /* assert on the output */

      This ensures that you're testing the behavior the user would see in the browser. Learn more at https://react.dev/link/wrap-tests-with-act

      171 |       currentSessionRef.current = data.session;
      172 |       sessionUserIdRef.current = data.session?.user.id ?? null;
    > 173 |       setSession(data.session);
          |       ^
      174 |       if (data.session) {
      175 |         try { await verifyAccount(data.session); } catch { setAccount(null); }
      176 |       }

      at node_modules/react-test-renderer/cjs/react-test-renderer.development.js:14402:19
      at runWithFiberInDEV (node_modules/react-test-renderer/cjs/react-test-renderer.development.js:2315:13)
      at warnIfUpdatesNotWrappedWithActDEV (node_modules/react-test-renderer/cjs/react-test-renderer.development.js:14401:9)
      at scheduleUpdateOnFiber (node_modules/react-test-renderer/cjs/react-test-renderer.development.js:12086:9)
      at dispatchSetStateInternal (node_modules/react-test-renderer/cjs/react-test-renderer.development.js:6208:13)
      at dispatchSetState (node_modules/react-test-renderer/cjs/react-test-renderer.development.js:6165:7)
      at setSession (src/auth/auth-provider.tsx:173:7)
      at asyncGeneratorStep (node_modules/@babel/runtime/helpers/asyncToGenerator.js:3:17)
      at _next (node_modules/@babel/runtime/helpers/asyncToGenerator.js:17:9)
      at node_modules/@babel/runtime/helpers/asyncToGenerator.js:22:7
      at node_modules/@babel/runtime/helpers/asyncToGenerator.js:14:12
      at apply (src/auth/auth-provider.tsx:178:6)

    console.error
      An update to AuthProvider inside a test was not wrapped in act(...).

      When testing, code that causes React state updates should be wrapped into act(...):

      act(() => {
        /* fire events that update state */
      });
      /* assert on the output */

      This ensures that you're testing the behavior the user would see in the browser. Learn more at https://react.dev/link/wrap-tests-with-act

      112 |     expectedEpoch = authEpoch,
      113 |   ) => {
    > 114 |     setAccountChecking(true);
          |     ^
      115 |     setAccountError(null);
      116 |     try {
      117 |       const result = await loadAccount(nextSession, signal);

      at node_modules/react-test-renderer/cjs/react-test-renderer.development.js:14402:19
      at runWithFiberInDEV (node_modules/react-test-renderer/cjs/react-test-renderer.development.js:2315:13)
      at warnIfUpdatesNotWrappedWithActDEV (node_modules/react-test-renderer/cjs/react-test-renderer.development.js:14401:9)
      at scheduleUpdateOnFiber (node_modules/react-test-renderer/cjs/react-test-renderer.development.js:12086:9)
      at dispatchSetStateInternal (node_modules/react-test-renderer/cjs/react-test-renderer.development.js:6208:13)
      at dispatchSetState (node_modules/react-test-renderer/cjs/react-test-renderer.development.js:6165:7)
      at setAccountChecking (src/auth/auth-provider.tsx:114:5)
      at asyncGeneratorStep (node_modules/@babel/runtime/helpers/asyncToGenerator.js:3:17)
      at _next (node_modules/@babel/runtime/helpers/asyncToGenerator.js:17:9)
      at node_modules/@babel/runtime/helpers/asyncToGenerator.js:22:7
      at node_modules/@babel/runtime/helpers/asyncToGenerator.js:14:12
      at apply (src/auth/auth-provider.tsx:126:4)
      at verifyAccount (src/auth/auth-provider.tsx:175:21)
      at asyncGeneratorStep (node_modules/@babel/runtime/helpers/asyncToGenerator.js:3:17)
      at _next (node_modules/@babel/runtime/helpers/asyncToGenerator.js:17:9)
      at node_modules/@babel/runtime/helpers/asyncToGenerator.js:22:7
      at node_modules/@babel/runtime/helpers/asyncToGenerator.js:14:12
      at apply (src/auth/auth-provider.tsx:178:6)

    console.error
      An update to AuthProvider inside a test was not wrapped in act(...).

      When testing, code that causes React state updates should be wrapped into act(...):

      act(() => {
        /* fire events that update state */
      });
      /* assert on the output */

      This ensures that you're testing the behavior the user would see in the browser. Learn more at https://react.dev/link/wrap-tests-with-act

      113 |   ) => {
      114 |     setAccountChecking(true);
    > 115 |     setAccountError(null);
          |     ^
      116 |     try {
      117 |       const result = await loadAccount(nextSession, signal);
      118 |       if (!signal?.aborted && expectedEpoch === authEpoch) setAccount(result);

      at node_modules/react-test-renderer/cjs/react-test-renderer.development.js:14402:19
      at runWithFiberInDEV (node_modules/react-test-renderer/cjs/react-test-renderer.development.js:2315:13)
      at warnIfUpdatesNotWrappedWithActDEV (node_modules/react-test-renderer/cjs/react-test-renderer.development.js:14401:9)
      at scheduleUpdateOnFiber (node_modules/react-test-renderer/cjs/react-test-renderer.development.js:12086:9)
      at dispatchSetStateInternal (node_modules/react-test-renderer/cjs/react-test-renderer.development.js:6208:13)
      at dispatchSetState (node_modules/react-test-renderer/cjs/react-test-renderer.development.js:6165:7)
      at setAccountError (src/auth/auth-provider.tsx:115:5)
      at asyncGeneratorStep (node_modules/@babel/runtime/helpers/asyncToGenerator.js:3:17)
      at _next (node_modules/@babel/runtime/helpers/asyncToGenerator.js:17:9)
      at node_modules/@babel/runtime/helpers/asyncToGenerator.js:22:7
      at node_modules/@babel/runtime/helpers/asyncToGenerator.js:14:12
      at apply (src/auth/auth-provider.tsx:126:4)
      at verifyAccount (src/auth/auth-provider.tsx:175:21)
      at asyncGeneratorStep (node_modules/@babel/runtime/helpers/asyncToGenerator.js:3:17)
      at _next (node_modules/@babel/runtime/helpers/asyncToGenerator.js:17:9)
      at node_modules/@babel/runtime/helpers/asyncToGenerator.js:22:7
      at node_modules/@babel/runtime/helpers/asyncToGenerator.js:14:12
      at apply (src/auth/auth-provider.tsx:178:6)

    console.error
      An update to AuthProvider inside a test was not wrapped in act(...).

      When testing, code that causes React state updates should be wrapped into act(...):

      act(() => {
        /* fire events that update state */
      });
      /* assert on the output */

      This ensures that you're testing the behavior the user would see in the browser. Learn more at https://react.dev/link/wrap-tests-with-act

      171 |       currentSessionRef.current = data.session;
      172 |       sessionUserIdRef.current = data.session?.user.id ?? null;
    > 173 |       setSession(data.session);
          |       ^
      174 |       if (data.session) {
      175 |         try { await verifyAccount(data.session); } catch { setAccount(null); }
      176 |       }

      at node_modules/react-test-renderer/cjs/react-test-renderer.development.js:14402:19
      at runWithFiberInDEV (node_modules/react-test-renderer/cjs/react-test-renderer.development.js:2315:13)
      at warnIfUpdatesNotWrappedWithActDEV (node_modules/react-test-renderer/cjs/react-test-renderer.development.js:14401:9)
      at scheduleUpdateOnFiber (node_modules/react-test-renderer/cjs/react-test-renderer.development.js:12086:9)
      at dispatchSetStateInternal (node_modules/react-test-renderer/cjs/react-test-renderer.development.js:6208:13)
      at dispatchSetState (node_modules/react-test-renderer/cjs/react-test-renderer.development.js:6165:7)
      at setSession (src/auth/auth-provider.tsx:173:7)
      at asyncGeneratorStep (node_modules/@babel/runtime/helpers/asyncToGenerator.js:3:17)
      at _next (node_modules/@babel/runtime/helpers/asyncToGenerator.js:17:9)
      at node_modules/@babel/runtime/helpers/asyncToGenerator.js:22:7
      at node_modules/@babel/runtime/helpers/asyncToGenerator.js:14:12
      at apply (src/auth/auth-provider.tsx:178:6)

    console.error
      An update to AuthProvider inside a test was not wrapped in act(...).

      When testing, code that causes React state updates should be wrapped into act(...):

      act(() => {
        /* fire events that update state */
      });
      /* assert on the output */

      This ensures that you're testing the behavior the user would see in the browser. Learn more at https://react.dev/link/wrap-tests-with-act

      112 |     expectedEpoch = authEpoch,
      113 |   ) => {
    > 114 |     setAccountChecking(true);
          |     ^
      115 |     setAccountError(null);
      116 |     try {
      117 |       const result = await loadAccount(nextSession, signal);

      at node_modules/react-test-renderer/cjs/react-test-renderer.development.js:14402:19
      at runWithFiberInDEV (node_modules/react-test-renderer/cjs/react-test-renderer.development.js:2315:13)
      at warnIfUpdatesNotWrappedWithActDEV (node_modules/react-test-renderer/cjs/react-test-renderer.development.js:14401:9)
      at scheduleUpdateOnFiber (node_modules/react-test-renderer/cjs/react-test-renderer.development.js:12086:9)
      at dispatchSetStateInternal (node_modules/react-test-renderer/cjs/react-test-renderer.development.js:6208:13)
      at dispatchSetState (node_modules/react-test-renderer/cjs/react-test-renderer.development.js:6165:7)
      at setAccountChecking (src/auth/auth-provider.tsx:114:5)
      at asyncGeneratorStep (node_modules/@babel/runtime/helpers/asyncToGenerator.js:3:17)
      at _next (node_modules/@babel/runtime/helpers/asyncToGenerator.js:17:9)
      at node_modules/@babel/runtime/helpers/asyncToGenerator.js:22:7
      at node_modules/@babel/runtime/helpers/asyncToGenerator.js:14:12
      at apply (src/auth/auth-provider.tsx:126:4)
      at verifyAccount (src/auth/auth-provider.tsx:175:21)
      at asyncGeneratorStep (node_modules/@babel/runtime/helpers/asyncToGenerator.js:3:17)
      at _next (node_modules/@babel/runtime/helpers/asyncToGenerator.js:17:9)
      at node_modules/@babel/runtime/helpers/asyncToGenerator.js:22:7
      at node_modules/@babel/runtime/helpers/asyncToGenerator.js:14:12
      at apply (src/auth/auth-provider.tsx:178:6)

    console.error
      An update to AuthProvider inside a test was not wrapped in act(...).

      When testing, code that causes React state updates should be wrapped into act(...):

      act(() => {
        /* fire events that update state */
      });
      /* assert on the output */

      This ensures that you're testing the behavior the user would see in the browser. Learn more at https://react.dev/link/wrap-tests-with-act

      113 |   ) => {
      114 |     setAccountChecking(true);
    > 115 |     setAccountError(null);
          |     ^
      116 |     try {
      117 |       const result = await loadAccount(nextSession, signal);
      118 |       if (!signal?.aborted && expectedEpoch === authEpoch) setAccount(result);

      at node_modules/react-test-renderer/cjs/react-test-renderer.development.js:14402:19
      at runWithFiberInDEV (node_modules/react-test-renderer/cjs/react-test-renderer.development.js:2315:13)
      at warnIfUpdatesNotWrappedWithActDEV (node_modules/react-test-renderer/cjs/react-test-renderer.development.js:14401:9)
      at scheduleUpdateOnFiber (node_modules/react-test-renderer/cjs/react-test-renderer.development.js:12086:9)
      at dispatchSetStateInternal (node_modules/react-test-renderer/cjs/react-test-renderer.development.js:6208:13)
      at dispatchSetState (node_modules/react-test-renderer/cjs/react-test-renderer.development.js:6165:7)
      at setAccountError (src/auth/auth-provider.tsx:115:5)
      at asyncGeneratorStep (node_modules/@babel/runtime/helpers/asyncToGenerator.js:3:17)
      at _next (node_modules/@babel/runtime/helpers/asyncToGenerator.js:17:9)
      at node_modules/@babel/runtime/helpers/asyncToGenerator.js:22:7
      at node_modules/@babel/runtime/helpers/asyncToGenerator.js:14:12
      at apply (src/auth/auth-provider.tsx:126:4)
      at verifyAccount (src/auth/auth-provider.tsx:175:21)
      at asyncGeneratorStep (node_modules/@babel/runtime/helpers/asyncToGenerator.js:3:17)
      at _next (node_modules/@babel/runtime/helpers/asyncToGenerator.js:17:9)
      at node_modules/@babel/runtime/helpers/asyncToGenerator.js:22:7
      at node_modules/@babel/runtime/helpers/asyncToGenerator.js:14:12
      at apply (src/auth/auth-provider.tsx:178:6)

    console.error
      An update to AuthProvider inside a test was not wrapped in act(...).

      When testing, code that causes React state updates should be wrapped into act(...):

      act(() => {
        /* fire events that update state */
      });
      /* assert on the output */

      This ensures that you're testing the behavior the user would see in the browser. Learn more at https://react.dev/link/wrap-tests-with-act

      270 |       if (supabase) await supabase.auth.signOut({ scope });
      271 |     } finally {
    > 272 |       setSession(null);
          |       ^
      273 |       setAccount(null);
      274 |       setAccountError(null);
      275 |       setAccountChecking(false);

      at node_modules/react-test-renderer/cjs/react-test-renderer.development.js:14402:19
      at runWithFiberInDEV (node_modules/react-test-renderer/cjs/react-test-renderer.development.js:2315:13)
      at warnIfUpdatesNotWrappedWithActDEV (node_modules/react-test-renderer/cjs/react-test-renderer.development.js:14401:9)
      at scheduleUpdateOnFiber (node_modules/react-test-renderer/cjs/react-test-renderer.development.js:12086:9)
      at dispatchSetStateInternal (node_modules/react-test-renderer/cjs/react-test-renderer.development.js:6208:13)
      at dispatchSetState (node_modules/react-test-renderer/cjs/react-test-renderer.development.js:6165:7)
      at setSession (src/auth/auth-provider.tsx:272:7)
      at asyncGeneratorStep (node_modules/@babel/runtime/helpers/asyncToGenerator.js:3:17)
      at _next (node_modules/@babel/runtime/helpers/asyncToGenerator.js:17:9)

    console.error
      An update to AuthProvider inside a test was not wrapped in act(...).

      When testing, code that causes React state updates should be wrapped into act(...):

      act(() => {
        /* fire events that update state */
      });
      /* assert on the output */

      This ensures that you're testing the behavior the user would see in the browser. Learn more at https://react.dev/link/wrap-tests-with-act

      271 |     } finally {
      272 |       setSession(null);
    > 273 |       setAccount(null);
          |       ^
      274 |       setAccountError(null);
      275 |       setAccountChecking(false);
      276 |       setRoleSaving(false);

      at node_modules/react-test-renderer/cjs/react-test-renderer.development.js:14402:19
      at runWithFiberInDEV (node_modules/react-test-renderer/cjs/react-test-renderer.development.js:2315:13)
      at warnIfUpdatesNotWrappedWithActDEV (node_modules/react-test-renderer/cjs/react-test-renderer.development.js:14401:9)
      at scheduleUpdateOnFiber (node_modules/react-test-renderer/cjs/react-test-renderer.development.js:12086:9)
      at dispatchSetStateInternal (node_modules/react-test-renderer/cjs/react-test-renderer.development.js:6208:13)
      at dispatchSetState (node_modules/react-test-renderer/cjs/react-test-renderer.development.js:6165:7)
      at setAccount (src/auth/auth-provider.tsx:273:7)
      at asyncGeneratorStep (node_modules/@babel/runtime/helpers/asyncToGenerator.js:3:17)
      at _next (node_modules/@babel/runtime/helpers/asyncToGenerator.js:17:9)

    console.error
      An update to AuthProvider inside a test was not wrapped in act(...).

      When testing, code that causes React state updates should be wrapped into act(...):

      act(() => {
        /* fire events that update state */
      });
      /* assert on the output */

      This ensures that you're testing the behavior the user would see in the browser. Learn more at https://react.dev/link/wrap-tests-with-act

      272 |       setSession(null);
      273 |       setAccount(null);
    > 274 |       setAccountError(null);
          |       ^
      275 |       setAccountChecking(false);
      276 |       setRoleSaving(false);
      277 |       setRoleError(null);

      at node_modules/react-test-renderer/cjs/react-test-renderer.development.js:14402:19
      at runWithFiberInDEV (node_modules/react-test-renderer/cjs/react-test-renderer.development.js:2315:13)
      at warnIfUpdatesNotWrappedWithActDEV (node_modules/react-test-renderer/cjs/react-test-renderer.development.js:14401:9)
      at scheduleUpdateOnFiber (node_modules/react-test-renderer/cjs/react-test-renderer.development.js:12086:9)
      at dispatchSetStateInternal (node_modules/react-test-renderer/cjs/react-test-renderer.development.js:6208:13)
      at dispatchSetState (node_modules/react-test-renderer/cjs/react-test-renderer.development.js:6165:7)
      at setAccountError (src/auth/auth-provider.tsx:274:7)
      at asyncGeneratorStep (node_modules/@babel/runtime/helpers/asyncToGenerator.js:3:17)
      at _next (node_modules/@babel/runtime/helpers/asyncToGenerator.js:17:9)

    console.error
      An update to AuthProvider inside a test was not wrapped in act(...).

      When testing, code that causes React state updates should be wrapped into act(...):

      act(() => {
        /* fire events that update state */
      });
      /* assert on the output */

      This ensures that you're testing the behavior the user would see in the browser. Learn more at https://react.dev/link/wrap-tests-with-act

      273 |       setAccount(null);
      274 |       setAccountError(null);
    > 275 |       setAccountChecking(false);
          |       ^
      276 |       setRoleSaving(false);
      277 |       setRoleError(null);
      278 |       completedCallbacks.clear();

      at node_modules/react-test-renderer/cjs/react-test-renderer.development.js:14402:19
      at runWithFiberInDEV (node_modules/react-test-renderer/cjs/react-test-renderer.development.js:2315:13)
      at warnIfUpdatesNotWrappedWithActDEV (node_modules/react-test-renderer/cjs/react-test-renderer.development.js:14401:9)
      at scheduleUpdateOnFiber (node_modules/react-test-renderer/cjs/react-test-renderer.development.js:12086:9)
      at dispatchSetStateInternal (node_modules/react-test-renderer/cjs/react-test-renderer.development.js:6208:13)
      at dispatchSetState (node_modules/react-test-renderer/cjs/react-test-renderer.development.js:6165:7)
      at setAccountChecking (src/auth/auth-provider.tsx:275:7)
      at asyncGeneratorStep (node_modules/@babel/runtime/helpers/asyncToGenerator.js:3:17)
      at _next (node_modules/@babel/runtime/helpers/asyncToGenerator.js:17:9)

    console.error
      An update to AuthProvider inside a test was not wrapped in act(...).

      When testing, code that causes React state updates should be wrapped into act(...):

      act(() => {
        /* fire events that update state */
      });
      /* assert on the output */

      This ensures that you're testing the behavior the user would see in the browser. Learn more at https://react.dev/link/wrap-tests-with-act

      274 |       setAccountError(null);
      275 |       setAccountChecking(false);
    > 276 |       setRoleSaving(false);
          |       ^
      277 |       setRoleError(null);
      278 |       completedCallbacks.clear();
      279 |     }

      at node_modules/react-test-renderer/cjs/react-test-renderer.development.js:14402:19
      at runWithFiberInDEV (node_modules/react-test-renderer/cjs/react-test-renderer.development.js:2315:13)
      at warnIfUpdatesNotWrappedWithActDEV (node_modules/react-test-renderer/cjs/react-test-renderer.development.js:14401:9)
      at scheduleUpdateOnFiber (node_modules/react-test-renderer/cjs/react-test-renderer.development.js:12086:9)
      at dispatchSetStateInternal (node_modules/react-test-renderer/cjs/react-test-renderer.development.js:6208:13)
      at dispatchSetState (node_modules/react-test-renderer/cjs/react-test-renderer.development.js:6165:7)
      at setRoleSaving (src/auth/auth-provider.tsx:276:7)
      at asyncGeneratorStep (node_modules/@babel/runtime/helpers/asyncToGenerator.js:3:17)
      at _next (node_modules/@babel/runtime/helpers/asyncToGenerator.js:17:9)

    console.error
      An update to AuthProvider inside a test was not wrapped in act(...).

      When testing, code that causes React state updates should be wrapped into act(...):

      act(() => {
        /* fire events that update state */
      });
      /* assert on the output */

      This ensures that you're testing the behavior the user would see in the browser. Learn more at https://react.dev/link/wrap-tests-with-act

      275 |       setAccountChecking(false);
      276 |       setRoleSaving(false);
    > 277 |       setRoleError(null);
          |       ^
      278 |       completedCallbacks.clear();
      279 |     }
      280 |   }, [supabase]);

      at node_modules/react-test-renderer/cjs/react-test-renderer.development.js:14402:19
      at runWithFiberInDEV (node_modules/react-test-renderer/cjs/react-test-renderer.development.js:2315:13)
      at warnIfUpdatesNotWrappedWithActDEV (node_modules/react-test-renderer/cjs/react-test-renderer.development.js:14401:9)
      at scheduleUpdateOnFiber (node_modules/react-test-renderer/cjs/react-test-renderer.development.js:12086:9)
      at dispatchSetStateInternal (node_modules/react-test-renderer/cjs/react-test-renderer.development.js:6208:13)
      at dispatchSetState (node_modules/react-test-renderer/cjs/react-test-renderer.development.js:6165:7)
      at setRoleError (src/auth/auth-provider.tsx:277:7)
      at asyncGeneratorStep (node_modules/@babel/runtime/helpers/asyncToGenerator.js:3:17)
      at _next (node_modules/@babel/runtime/helpers/asyncToGenerator.js:17:9)

PASS component-tests/product-detail-screen.test.tsx
PASS component-tests/inspection-views.test.tsx
  ● Console

    console.error
      An update to WondeeMascot inside a test was not wrapped in act(...).

      When testing, code that causes React state updates should be wrapped into act(...):

      act(() => {
        /* fire events that update state */
      });
      /* assert on the output */

      This ensures that you're testing the behavior the user would see in the browser. Learn more at https://react.dev/link/wrap-tests-with-act

       8 |   useEffect(() => {
       9 |     let alive = true;
    > 10 |     void AccessibilityInfo.isReduceMotionEnabled().then(value => { if (alive) setReduced(value); }).catch(() => undefined);
         |                                                                               ^
      11 |     const motion = AccessibilityInfo.addEventListener('reduceMotionChanged', setReduced);
      12 |     const app = AppState.addEventListener('change', state => setForeground(state === 'active'));
      13 |     return () => { alive = false; motion.remove(); app.remove(); };

      at node_modules/react-test-renderer/cjs/react-test-renderer.development.js:14402:19
      at runWithFiberInDEV (node_modules/react-test-renderer/cjs/react-test-renderer.development.js:2315:13)
      at warnIfUpdatesNotWrappedWithActDEV (node_modules/react-test-renderer/cjs/react-test-renderer.development.js:14401:9)
      at scheduleUpdateOnFiber (node_modules/react-test-renderer/cjs/react-test-renderer.development.js:12086:9)
      at dispatchSetStateInternal (node_modules/react-test-renderer/cjs/react-test-renderer.development.js:6208:13)
      at dispatchSetState (node_modules/react-test-renderer/cjs/react-test-renderer.development.js:6165:7)
      at setReduced (src/components/wondee/motion.ts:10:79)

    console.error
      An update to WondeeMascot inside a test was not wrapped in act(...).

      When testing, code that causes React state updates should be wrapped into act(...):

      act(() => {
        /* fire events that update state */
      });
      /* assert on the output */

      This ensures that you're testing the behavior the user would see in the browser. Learn more at https://react.dev/link/wrap-tests-with-act

       8 |   useEffect(() => {
       9 |     let alive = true;
    > 10 |     void AccessibilityInfo.isReduceMotionEnabled().then(value => { if (alive) setReduced(value); }).catch(() => undefined);
         |                                                                               ^
      11 |     const motion = AccessibilityInfo.addEventListener('reduceMotionChanged', setReduced);
      12 |     const app = AppState.addEventListener('change', state => setForeground(state === 'active'));
      13 |     return () => { alive = false; motion.remove(); app.remove(); };

      at node_modules/react-test-renderer/cjs/react-test-renderer.development.js:14402:19
      at runWithFiberInDEV (node_modules/react-test-renderer/cjs/react-test-renderer.development.js:2315:13)
      at warnIfUpdatesNotWrappedWithActDEV (node_modules/react-test-renderer/cjs/react-test-renderer.development.js:14401:9)
      at scheduleUpdateOnFiber (node_modules/react-test-renderer/cjs/react-test-renderer.development.js:12086:9)
      at dispatchSetStateInternal (node_modules/react-test-renderer/cjs/react-test-renderer.development.js:6208:13)
      at dispatchSetState (node_modules/react-test-renderer/cjs/react-test-renderer.development.js:6165:7)
      at setReduced (src/components/wondee/motion.ts:10:79)

    console.error
      An update to WondeeMascot inside a test was not wrapped in act(...).

      When testing, code that causes React state updates should be wrapped into act(...):

      act(() => {
        /* fire events that update state */
      });
      /* assert on the output */

      This ensures that you're testing the behavior the user would see in the browser. Learn more at https://react.dev/link/wrap-tests-with-act

       8 |   useEffect(() => {
       9 |     let alive = true;
    > 10 |     void AccessibilityInfo.isReduceMotionEnabled().then(value => { if (alive) setReduced(value); }).catch(() => undefined);
         |                                                                               ^
      11 |     const motion = AccessibilityInfo.addEventListener('reduceMotionChanged', setReduced);
      12 |     const app = AppState.addEventListener('change', state => setForeground(state === 'active'));
      13 |     return () => { alive = false; motion.remove(); app.remove(); };

      at node_modules/react-test-renderer/cjs/react-test-renderer.development.js:14402:19
      at runWithFiberInDEV (node_modules/react-test-renderer/cjs/react-test-renderer.development.js:2315:13)
      at warnIfUpdatesNotWrappedWithActDEV (node_modules/react-test-renderer/cjs/react-test-renderer.development.js:14401:9)
      at scheduleUpdateOnFiber (node_modules/react-test-renderer/cjs/react-test-renderer.development.js:12086:9)
      at dispatchSetStateInternal (node_modules/react-test-renderer/cjs/react-test-renderer.development.js:6208:13)
      at dispatchSetState (node_modules/react-test-renderer/cjs/react-test-renderer.development.js:6165:7)
      at setReduced (src/components/wondee/motion.ts:10:79)

    console.error
      An update to WondeeMascot inside a test was not wrapped in act(...).

      When testing, code that causes React state updates should be wrapped into act(...):

      act(() => {
        /* fire events that update state */
      });
      /* assert on the output */

      This ensures that you're testing the behavior the user would see in the browser. Learn more at https://react.dev/link/wrap-tests-with-act

       8 |   useEffect(() => {
       9 |     let alive = true;
    > 10 |     void AccessibilityInfo.isReduceMotionEnabled().then(value => { if (alive) setReduced(value); }).catch(() => undefined);
         |                                                                               ^
      11 |     const motion = AccessibilityInfo.addEventListener('reduceMotionChanged', setReduced);
      12 |     const app = AppState.addEventListener('change', state => setForeground(state === 'active'));
      13 |     return () => { alive = false; motion.remove(); app.remove(); };

      at node_modules/react-test-renderer/cjs/react-test-renderer.development.js:14402:19
      at runWithFiberInDEV (node_modules/react-test-renderer/cjs/react-test-renderer.development.js:2315:13)
      at warnIfUpdatesNotWrappedWithActDEV (node_modules/react-test-renderer/cjs/react-test-renderer.development.js:14401:9)
      at scheduleUpdateOnFiber (node_modules/react-test-renderer/cjs/react-test-renderer.development.js:12086:9)
      at dispatchSetStateInternal (node_modules/react-test-renderer/cjs/react-test-renderer.development.js:6208:13)
      at dispatchSetState (node_modules/react-test-renderer/cjs/react-test-renderer.development.js:6165:7)
      at setReduced (src/components/wondee/motion.ts:10:79)

    console.error
      An update to WondeeMascot inside a test was not wrapped in act(...).

      When testing, code that causes React state updates should be wrapped into act(...):

      act(() => {
        /* fire events that update state */
      });
      /* assert on the output */

      This ensures that you're testing the behavior the user would see in the browser. Learn more at https://react.dev/link/wrap-tests-with-act

       8 |   useEffect(() => {
       9 |     let alive = true;
    > 10 |     void AccessibilityInfo.isReduceMotionEnabled().then(value => { if (alive) setReduced(value); }).catch(() => undefined);
         |                                                                               ^
      11 |     const motion = AccessibilityInfo.addEventListener('reduceMotionChanged', setReduced);
      12 |     const app = AppState.addEventListener('change', state => setForeground(state === 'active'));
      13 |     return () => { alive = false; motion.remove(); app.remove(); };

      at node_modules/react-test-renderer/cjs/react-test-renderer.development.js:14402:19
      at runWithFiberInDEV (node_modules/react-test-renderer/cjs/react-test-renderer.development.js:2315:13)
      at warnIfUpdatesNotWrappedWithActDEV (node_modules/react-test-renderer/cjs/react-test-renderer.development.js:14401:9)
      at scheduleUpdateOnFiber (node_modules/react-test-renderer/cjs/react-test-renderer.development.js:12086:9)
      at dispatchSetStateInternal (node_modules/react-test-renderer/cjs/react-test-renderer.development.js:6208:13)
      at dispatchSetState (node_modules/react-test-renderer/cjs/react-test-renderer.development.js:6165:7)
      at setReduced (src/components/wondee/motion.ts:10:79)

    console.error
      An update to WondeeMascot inside a test was not wrapped in act(...).

      When testing, code that causes React state updates should be wrapped into act(...):

      act(() => {
        /* fire events that update state */
      });
      /* assert on the output */

      This ensures that you're testing the behavior the user would see in the browser. Learn more at https://react.dev/link/wrap-tests-with-act

       8 |   useEffect(() => {
       9 |     let alive = true;
    > 10 |     void AccessibilityInfo.isReduceMotionEnabled().then(value => { if (alive) setReduced(value); }).catch(() => undefined);
         |                                                                               ^
      11 |     const motion = AccessibilityInfo.addEventListener('reduceMotionChanged', setReduced);
      12 |     const app = AppState.addEventListener('change', state => setForeground(state === 'active'));
      13 |     return () => { alive = false; motion.remove(); app.remove(); };

      at node_modules/react-test-renderer/cjs/react-test-renderer.development.js:14402:19
      at runWithFiberInDEV (node_modules/react-test-renderer/cjs/react-test-renderer.development.js:2315:13)
      at warnIfUpdatesNotWrappedWithActDEV (node_modules/react-test-renderer/cjs/react-test-renderer.development.js:14401:9)
      at scheduleUpdateOnFiber (node_modules/react-test-renderer/cjs/react-test-renderer.development.js:12086:9)
      at dispatchSetStateInternal (node_modules/react-test-renderer/cjs/react-test-renderer.development.js:6208:13)
      at dispatchSetState (node_modules/react-test-renderer/cjs/react-test-renderer.development.js:6165:7)
      at setReduced (src/components/wondee/motion.ts:10:79)

    console.error
      An update to WondeeMascot inside a test was not wrapped in act(...).

      When testing, code that causes React state updates should be wrapped into act(...):

      act(() => {
        /* fire events that update state */
      });
      /* assert on the output */

      This ensures that you're testing the behavior the user would see in the browser. Learn more at https://react.dev/link/wrap-tests-with-act

       8 |   useEffect(() => {
       9 |     let alive = true;
    > 10 |     void AccessibilityInfo.isReduceMotionEnabled().then(value => { if (alive) setReduced(value); }).catch(() => undefined);
         |                                                                               ^
      11 |     const motion = AccessibilityInfo.addEventListener('reduceMotionChanged', setReduced);
      12 |     const app = AppState.addEventListener('change', state => setForeground(state === 'active'));
      13 |     return () => { alive = false; motion.remove(); app.remove(); };

      at node_modules/react-test-renderer/cjs/react-test-renderer.development.js:14402:19
      at runWithFiberInDEV (node_modules/react-test-renderer/cjs/react-test-renderer.development.js:2315:13)
      at warnIfUpdatesNotWrappedWithActDEV (node_modules/react-test-renderer/cjs/react-test-renderer.development.js:14401:9)
      at scheduleUpdateOnFiber (node_modules/react-test-renderer/cjs/react-test-renderer.development.js:12086:9)
      at dispatchSetStateInternal (node_modules/react-test-renderer/cjs/react-test-renderer.development.js:6208:13)
      at dispatchSetState (node_modules/react-test-renderer/cjs/react-test-renderer.development.js:6165:7)
      at setReduced (src/components/wondee/motion.ts:10:79)

    console.error
      An update to WondeeMascot inside a test was not wrapped in act(...).

      When testing, code that causes React state updates should be wrapped into act(...):

      act(() => {
        /* fire events that update state */
      });
      /* assert on the output */

      This ensures that you're testing the behavior the user would see in the browser. Learn more at https://react.dev/link/wrap-tests-with-act

       8 |   useEffect(() => {
       9 |     let alive = true;
    > 10 |     void AccessibilityInfo.isReduceMotionEnabled().then(value => { if (alive) setReduced(value); }).catch(() => undefined);
         |                                                                               ^
      11 |     const motion = AccessibilityInfo.addEventListener('reduceMotionChanged', setReduced);
      12 |     const app = AppState.addEventListener('change', state => setForeground(state === 'active'));
      13 |     return () => { alive = false; motion.remove(); app.remove(); };

      at node_modules/react-test-renderer/cjs/react-test-renderer.development.js:14402:19
      at runWithFiberInDEV (node_modules/react-test-renderer/cjs/react-test-renderer.development.js:2315:13)
      at warnIfUpdatesNotWrappedWithActDEV (node_modules/react-test-renderer/cjs/react-test-renderer.development.js:14401:9)
      at scheduleUpdateOnFiber (node_modules/react-test-renderer/cjs/react-test-renderer.development.js:12086:9)
      at dispatchSetStateInternal (node_modules/react-test-renderer/cjs/react-test-renderer.development.js:6208:13)
      at dispatchSetState (node_modules/react-test-renderer/cjs/react-test-renderer.development.js:6165:7)
      at setReduced (src/components/wondee/motion.ts:10:79)

    console.error
      An update to WondeeMascot inside a test was not wrapped in act(...).

      When testing, code that causes React state updates should be wrapped into act(...):

      act(() => {
        /* fire events that update state */
      });
      /* assert on the output */

      This ensures that you're testing the behavior the user would see in the browser. Learn more at https://react.dev/link/wrap-tests-with-act

       8 |   useEffect(() => {
       9 |     let alive = true;
    > 10 |     void AccessibilityInfo.isReduceMotionEnabled().then(value => { if (alive) setReduced(value); }).catch(() => undefined);
         |                                                                               ^
      11 |     const motion = AccessibilityInfo.addEventListener('reduceMotionChanged', setReduced);
      12 |     const app = AppState.addEventListener('change', state => setForeground(state === 'active'));
      13 |     return () => { alive = false; motion.remove(); app.remove(); };

      at node_modules/react-test-renderer/cjs/react-test-renderer.development.js:14402:19
      at runWithFiberInDEV (node_modules/react-test-renderer/cjs/react-test-renderer.development.js:2315:13)
      at warnIfUpdatesNotWrappedWithActDEV (node_modules/react-test-renderer/cjs/react-test-renderer.development.js:14401:9)
      at scheduleUpdateOnFiber (node_modules/react-test-renderer/cjs/react-test-renderer.development.js:12086:9)
      at dispatchSetStateInternal (node_modules/react-test-renderer/cjs/react-test-renderer.development.js:6208:13)
      at dispatchSetState (node_modules/react-test-renderer/cjs/react-test-renderer.development.js:6165:7)
      at setReduced (src/components/wondee/motion.ts:10:79)

PASS component-tests/login-screen.test.tsx
  ● Console

    console.error
      An update to WondeeMascot inside a test was not wrapped in act(...).

      When testing, code that causes React state updates should be wrapped into act(...):

      act(() => {
        /* fire events that update state */
      });
      /* assert on the output */

      This ensures that you're testing the behavior the user would see in the browser. Learn more at https://react.dev/link/wrap-tests-with-act

       8 |   useEffect(() => {
       9 |     let alive = true;
    > 10 |     void AccessibilityInfo.isReduceMotionEnabled().then(value => { if (alive) setReduced(value); }).catch(() => undefined);
         |                                                                               ^
      11 |     const motion = AccessibilityInfo.addEventListener('reduceMotionChanged', setReduced);
      12 |     const app = AppState.addEventListener('change', state => setForeground(state === 'active'));
      13 |     return () => { alive = false; motion.remove(); app.remove(); };

      at node_modules/react-test-renderer/cjs/react-test-renderer.development.js:14402:19
      at runWithFiberInDEV (node_modules/react-test-renderer/cjs/react-test-renderer.development.js:2315:13)
      at warnIfUpdatesNotWrappedWithActDEV (node_modules/react-test-renderer/cjs/react-test-renderer.development.js:14401:9)
      at scheduleUpdateOnFiber (node_modules/react-test-renderer/cjs/react-test-renderer.development.js:12086:9)
      at dispatchSetStateInternal (node_modules/react-test-renderer/cjs/react-test-renderer.development.js:6208:13)
      at dispatchSetState (node_modules/react-test-renderer/cjs/react-test-renderer.development.js:6165:7)
      at setReduced (src/components/wondee/motion.ts:10:79)

    console.error
      An update to WondeeMascot inside a test was not wrapped in act(...).

      When testing, code that causes React state updates should be wrapped into act(...):

      act(() => {
        /* fire events that update state */
      });
      /* assert on the output */

      This ensures that you're testing the behavior the user would see in the browser. Learn more at https://react.dev/link/wrap-tests-with-act

       8 |   useEffect(() => {
       9 |     let alive = true;
    > 10 |     void AccessibilityInfo.isReduceMotionEnabled().then(value => { if (alive) setReduced(value); }).catch(() => undefined);
         |                                                                               ^
      11 |     const motion = AccessibilityInfo.addEventListener('reduceMotionChanged', setReduced);
      12 |     const app = AppState.addEventListener('change', state => setForeground(state === 'active'));
      13 |     return () => { alive = false; motion.remove(); app.remove(); };

      at node_modules/react-test-renderer/cjs/react-test-renderer.development.js:14402:19
      at runWithFiberInDEV (node_modules/react-test-renderer/cjs/react-test-renderer.development.js:2315:13)
      at warnIfUpdatesNotWrappedWithActDEV (node_modules/react-test-renderer/cjs/react-test-renderer.development.js:14401:9)
      at scheduleUpdateOnFiber (node_modules/react-test-renderer/cjs/react-test-renderer.development.js:12086:9)
      at dispatchSetStateInternal (node_modules/react-test-renderer/cjs/react-test-renderer.development.js:6208:13)
      at dispatchSetState (node_modules/react-test-renderer/cjs/react-test-renderer.development.js:6165:7)
      at setReduced (src/components/wondee/motion.ts:10:79)

    console.error
      An update to WondeeMascot inside a test was not wrapped in act(...).

      When testing, code that causes React state updates should be wrapped into act(...):

      act(() => {
        /* fire events that update state */
      });
      /* assert on the output */

      This ensures that you're testing the behavior the user would see in the browser. Learn more at https://react.dev/link/wrap-tests-with-act

       8 |   useEffect(() => {
       9 |     let alive = true;
    > 10 |     void AccessibilityInfo.isReduceMotionEnabled().then(value => { if (alive) setReduced(value); }).catch(() => undefined);
         |                                                                               ^
      11 |     const motion = AccessibilityInfo.addEventListener('reduceMotionChanged', setReduced);
      12 |     const app = AppState.addEventListener('change', state => setForeground(state === 'active'));
      13 |     return () => { alive = false; motion.remove(); app.remove(); };

      at node_modules/react-test-renderer/cjs/react-test-renderer.development.js:14402:19
      at runWithFiberInDEV (node_modules/react-test-renderer/cjs/react-test-renderer.development.js:2315:13)
      at warnIfUpdatesNotWrappedWithActDEV (node_modules/react-test-renderer/cjs/react-test-renderer.development.js:14401:9)
      at scheduleUpdateOnFiber (node_modules/react-test-renderer/cjs/react-test-renderer.development.js:12086:9)
      at dispatchSetStateInternal (node_modules/react-test-renderer/cjs/react-test-renderer.development.js:6208:13)
      at dispatchSetState (node_modules/react-test-renderer/cjs/react-test-renderer.development.js:6165:7)
      at setReduced (src/components/wondee/motion.ts:10:79)

    console.error
      An update to WondeeMascot inside a test was not wrapped in act(...).

      When testing, code that causes React state updates should be wrapped into act(...):

      act(() => {
        /* fire events that update state */
      });
      /* assert on the output */

      This ensures that you're testing the behavior the user would see in the browser. Learn more at https://react.dev/link/wrap-tests-with-act

       8 |   useEffect(() => {
       9 |     let alive = true;
    > 10 |     void AccessibilityInfo.isReduceMotionEnabled().then(value => { if (alive) setReduced(value); }).catch(() => undefined);
         |                                                                               ^
      11 |     const motion = AccessibilityInfo.addEventListener('reduceMotionChanged', setReduced);
      12 |     const app = AppState.addEventListener('change', state => setForeground(state === 'active'));
      13 |     return () => { alive = false; motion.remove(); app.remove(); };

      at node_modules/react-test-renderer/cjs/react-test-renderer.development.js:14402:19
      at runWithFiberInDEV (node_modules/react-test-renderer/cjs/react-test-renderer.development.js:2315:13)
      at warnIfUpdatesNotWrappedWithActDEV (node_modules/react-test-renderer/cjs/react-test-renderer.development.js:14401:9)
      at scheduleUpdateOnFiber (node_modules/react-test-renderer/cjs/react-test-renderer.development.js:12086:9)
      at dispatchSetStateInternal (node_modules/react-test-renderer/cjs/react-test-renderer.development.js:6208:13)
      at dispatchSetState (node_modules/react-test-renderer/cjs/react-test-renderer.development.js:6165:7)
      at setReduced (src/components/wondee/motion.ts:10:79)

    console.error
      An update to WondeeMascot inside a test was not wrapped in act(...).

      When testing, code that causes React state updates should be wrapped into act(...):

      act(() => {
        /* fire events that update state */
      });
      /* assert on the output */

      This ensures that you're testing the behavior the user would see in the browser. Learn more at https://react.dev/link/wrap-tests-with-act

       8 |   useEffect(() => {
       9 |     let alive = true;
    > 10 |     void AccessibilityInfo.isReduceMotionEnabled().then(value => { if (alive) setReduced(value); }).catch(() => undefined);
         |                                                                               ^
      11 |     const motion = AccessibilityInfo.addEventListener('reduceMotionChanged', setReduced);
      12 |     const app = AppState.addEventListener('change', state => setForeground(state === 'active'));
      13 |     return () => { alive = false; motion.remove(); app.remove(); };

      at node_modules/react-test-renderer/cjs/react-test-renderer.development.js:14402:19
      at runWithFiberInDEV (node_modules/react-test-renderer/cjs/react-test-renderer.development.js:2315:13)
      at warnIfUpdatesNotWrappedWithActDEV (node_modules/react-test-renderer/cjs/react-test-renderer.development.js:14401:9)
      at scheduleUpdateOnFiber (node_modules/react-test-renderer/cjs/react-test-renderer.development.js:12086:9)
      at dispatchSetStateInternal (node_modules/react-test-renderer/cjs/react-test-renderer.development.js:6208:13)
      at dispatchSetState (node_modules/react-test-renderer/cjs/react-test-renderer.development.js:6165:7)
      at setReduced (src/components/wondee/motion.ts:10:79)

    console.error
      An update to WondeeMascot inside a test was not wrapped in act(...).

      When testing, code that causes React state updates should be wrapped into act(...):

      act(() => {
        /* fire events that update state */
      });
      /* assert on the output */

      This ensures that you're testing the behavior the user would see in the browser. Learn more at https://react.dev/link/wrap-tests-with-act

       8 |   useEffect(() => {
       9 |     let alive = true;
    > 10 |     void AccessibilityInfo.isReduceMotionEnabled().then(value => { if (alive) setReduced(value); }).catch(() => undefined);
         |                                                                               ^
      11 |     const motion = AccessibilityInfo.addEventListener('reduceMotionChanged', setReduced);
      12 |     const app = AppState.addEventListener('change', state => setForeground(state === 'active'));
      13 |     return () => { alive = false; motion.remove(); app.remove(); };

      at node_modules/react-test-renderer/cjs/react-test-renderer.development.js:14402:19
      at runWithFiberInDEV (node_modules/react-test-renderer/cjs/react-test-renderer.development.js:2315:13)
      at warnIfUpdatesNotWrappedWithActDEV (node_modules/react-test-renderer/cjs/react-test-renderer.development.js:14401:9)
      at scheduleUpdateOnFiber (node_modules/react-test-renderer/cjs/react-test-renderer.development.js:12086:9)
      at dispatchSetStateInternal (node_modules/react-test-renderer/cjs/react-test-renderer.development.js:6208:13)
      at dispatchSetState (node_modules/react-test-renderer/cjs/react-test-renderer.development.js:6165:7)
      at setReduced (src/components/wondee/motion.ts:10:79)

    console.error
      An update to WondeeMascot inside a test was not wrapped in act(...).

      When testing, code that causes React state updates should be wrapped into act(...):

      act(() => {
        /* fire events that update state */
      });
      /* assert on the output */

      This ensures that you're testing the behavior the user would see in the browser. Learn more at https://react.dev/link/wrap-tests-with-act

       8 |   useEffect(() => {
       9 |     let alive = true;
    > 10 |     void AccessibilityInfo.isReduceMotionEnabled().then(value => { if (alive) setReduced(value); }).catch(() => undefined);
         |                                                                               ^
      11 |     const motion = AccessibilityInfo.addEventListener('reduceMotionChanged', setReduced);
      12 |     const app = AppState.addEventListener('change', state => setForeground(state === 'active'));
      13 |     return () => { alive = false; motion.remove(); app.remove(); };

      at node_modules/react-test-renderer/cjs/react-test-renderer.development.js:14402:19
      at runWithFiberInDEV (node_modules/react-test-renderer/cjs/react-test-renderer.development.js:2315:13)
      at warnIfUpdatesNotWrappedWithActDEV (node_modules/react-test-renderer/cjs/react-test-renderer.development.js:14401:9)
      at scheduleUpdateOnFiber (node_modules/react-test-renderer/cjs/react-test-renderer.development.js:12086:9)
      at dispatchSetStateInternal (node_modules/react-test-renderer/cjs/react-test-renderer.development.js:6208:13)
      at dispatchSetState (node_modules/react-test-renderer/cjs/react-test-renderer.development.js:6165:7)
      at setReduced (src/components/wondee/motion.ts:10:79)

PASS component-tests/product-list-screen.test.tsx
  ● Console

    console.error
      An update to WondeeMascot inside a test was not wrapped in act(...).

      When testing, code that causes React state updates should be wrapped into act(...):

      act(() => {
        /* fire events that update state */
      });
      /* assert on the output */

      This ensures that you're testing the behavior the user would see in the browser. Learn more at https://react.dev/link/wrap-tests-with-act

       8 |   useEffect(() => {
       9 |     let alive = true;
    > 10 |     void AccessibilityInfo.isReduceMotionEnabled().then(value => { if (alive) setReduced(value); }).catch(() => undefined);
         |                                                                               ^
      11 |     const motion = AccessibilityInfo.addEventListener('reduceMotionChanged', setReduced);
      12 |     const app = AppState.addEventListener('change', state => setForeground(state === 'active'));
      13 |     return () => { alive = false; motion.remove(); app.remove(); };

      at node_modules/react-test-renderer/cjs/react-test-renderer.development.js:14402:19
      at runWithFiberInDEV (node_modules/react-test-renderer/cjs/react-test-renderer.development.js:2315:13)
      at warnIfUpdatesNotWrappedWithActDEV (node_modules/react-test-renderer/cjs/react-test-renderer.development.js:14401:9)
      at scheduleUpdateOnFiber (node_modules/react-test-renderer/cjs/react-test-renderer.development.js:12086:9)
      at dispatchSetStateInternal (node_modules/react-test-renderer/cjs/react-test-renderer.development.js:6208:13)
      at dispatchSetState (node_modules/react-test-renderer/cjs/react-test-renderer.development.js:6165:7)
      at setReduced (src/components/wondee/motion.ts:10:79)

    console.error
      An update to WondeeMascot inside a test was not wrapped in act(...).

      When testing, code that causes React state updates should be wrapped into act(...):

      act(() => {
        /* fire events that update state */
      });
      /* assert on the output */

      This ensures that you're testing the behavior the user would see in the browser. Learn more at https://react.dev/link/wrap-tests-with-act

       8 |   useEffect(() => {
       9 |     let alive = true;
    > 10 |     void AccessibilityInfo.isReduceMotionEnabled().then(value => { if (alive) setReduced(value); }).catch(() => undefined);
         |                                                                               ^
      11 |     const motion = AccessibilityInfo.addEventListener('reduceMotionChanged', setReduced);
      12 |     const app = AppState.addEventListener('change', state => setForeground(state === 'active'));
      13 |     return () => { alive = false; motion.remove(); app.remove(); };

      at node_modules/react-test-renderer/cjs/react-test-renderer.development.js:14402:19
      at runWithFiberInDEV (node_modules/react-test-renderer/cjs/react-test-renderer.development.js:2315:13)
      at warnIfUpdatesNotWrappedWithActDEV (node_modules/react-test-renderer/cjs/react-test-renderer.development.js:14401:9)
      at scheduleUpdateOnFiber (node_modules/react-test-renderer/cjs/react-test-renderer.development.js:12086:9)
      at dispatchSetStateInternal (node_modules/react-test-renderer/cjs/react-test-renderer.development.js:6208:13)
      at dispatchSetState (node_modules/react-test-renderer/cjs/react-test-renderer.development.js:6165:7)
      at setReduced (src/components/wondee/motion.ts:10:79)

    console.error
      An update to WondeeMascot inside a test was not wrapped in act(...).

      When testing, code that causes React state updates should be wrapped into act(...):

      act(() => {
        /* fire events that update state */
      });
      /* assert on the output */

      This ensures that you're testing the behavior the user would see in the browser. Learn more at https://react.dev/link/wrap-tests-with-act

       8 |   useEffect(() => {
       9 |     let alive = true;
    > 10 |     void AccessibilityInfo.isReduceMotionEnabled().then(value => { if (alive) setReduced(value); }).catch(() => undefined);
         |                                                                               ^
      11 |     const motion = AccessibilityInfo.addEventListener('reduceMotionChanged', setReduced);
      12 |     const app = AppState.addEventListener('change', state => setForeground(state === 'active'));
      13 |     return () => { alive = false; motion.remove(); app.remove(); };

      at node_modules/react-test-renderer/cjs/react-test-renderer.development.js:14402:19
      at runWithFiberInDEV (node_modules/react-test-renderer/cjs/react-test-renderer.development.js:2315:13)
      at warnIfUpdatesNotWrappedWithActDEV (node_modules/react-test-renderer/cjs/react-test-renderer.development.js:14401:9)
      at scheduleUpdateOnFiber (node_modules/react-test-renderer/cjs/react-test-renderer.development.js:12086:9)
      at dispatchSetStateInternal (node_modules/react-test-renderer/cjs/react-test-renderer.development.js:6208:13)
      at dispatchSetState (node_modules/react-test-renderer/cjs/react-test-renderer.development.js:6165:7)
      at setReduced (src/components/wondee/motion.ts:10:79)

    console.error
      An update to WondeeMascot inside a test was not wrapped in act(...).

      When testing, code that causes React state updates should be wrapped into act(...):

      act(() => {
        /* fire events that update state */
      });
      /* assert on the output */

      This ensures that you're testing the behavior the user would see in the browser. Learn more at https://react.dev/link/wrap-tests-with-act

       8 |   useEffect(() => {
       9 |     let alive = true;
    > 10 |     void AccessibilityInfo.isReduceMotionEnabled().then(value => { if (alive) setReduced(value); }).catch(() => undefined);
         |                                                                               ^
      11 |     const motion = AccessibilityInfo.addEventListener('reduceMotionChanged', setReduced);
      12 |     const app = AppState.addEventListener('change', state => setForeground(state === 'active'));
      13 |     return () => { alive = false; motion.remove(); app.remove(); };

      at node_modules/react-test-renderer/cjs/react-test-renderer.development.js:14402:19
      at runWithFiberInDEV (node_modules/react-test-renderer/cjs/react-test-renderer.development.js:2315:13)
      at warnIfUpdatesNotWrappedWithActDEV (node_modules/react-test-renderer/cjs/react-test-renderer.development.js:14401:9)
      at scheduleUpdateOnFiber (node_modules/react-test-renderer/cjs/react-test-renderer.development.js:12086:9)
      at dispatchSetStateInternal (node_modules/react-test-renderer/cjs/react-test-renderer.development.js:6208:13)
      at dispatchSetState (node_modules/react-test-renderer/cjs/react-test-renderer.development.js:6165:7)
      at setReduced (src/components/wondee/motion.ts:10:79)

    console.error
      An update to WondeeMascot inside a test was not wrapped in act(...).

      When testing, code that causes React state updates should be wrapped into act(...):

      act(() => {
        /* fire events that update state */
      });
      /* assert on the output */

      This ensures that you're testing the behavior the user would see in the browser. Learn more at https://react.dev/link/wrap-tests-with-act

       8 |   useEffect(() => {
       9 |     let alive = true;
    > 10 |     void AccessibilityInfo.isReduceMotionEnabled().then(value => { if (alive) setReduced(value); }).catch(() => undefined);
         |                                                                               ^
      11 |     const motion = AccessibilityInfo.addEventListener('reduceMotionChanged', setReduced);
      12 |     const app = AppState.addEventListener('change', state => setForeground(state === 'active'));
      13 |     return () => { alive = false; motion.remove(); app.remove(); };

      at node_modules/react-test-renderer/cjs/react-test-renderer.development.js:14402:19
      at runWithFiberInDEV (node_modules/react-test-renderer/cjs/react-test-renderer.development.js:2315:13)
      at warnIfUpdatesNotWrappedWithActDEV (node_modules/react-test-renderer/cjs/react-test-renderer.development.js:14401:9)
      at scheduleUpdateOnFiber (node_modules/react-test-renderer/cjs/react-test-renderer.development.js:12086:9)
      at dispatchSetStateInternal (node_modules/react-test-renderer/cjs/react-test-renderer.development.js:6208:13)
      at dispatchSetState (node_modules/react-test-renderer/cjs/react-test-renderer.development.js:6165:7)
      at setReduced (src/components/wondee/motion.ts:10:79)

    console.error
      An update to Skeleton inside a test was not wrapped in act(...).

      When testing, code that causes React state updates should be wrapped into act(...):

      act(() => {
        /* fire events that update state */
      });
      /* assert on the output */

      This ensures that you're testing the behavior the user would see in the browser. Learn more at https://react.dev/link/wrap-tests-with-act

       8 |   useEffect(() => {
       9 |     let alive = true;
    > 10 |     void AccessibilityInfo.isReduceMotionEnabled().then(value => { if (alive) setReduced(value); }).catch(() => undefined);
         |                                                                               ^
      11 |     const motion = AccessibilityInfo.addEventListener('reduceMotionChanged', setReduced);
      12 |     const app = AppState.addEventListener('change', state => setForeground(state === 'active'));
      13 |     return () => { alive = false; motion.remove(); app.remove(); };

      at node_modules/react-test-renderer/cjs/react-test-renderer.development.js:14402:19
      at runWithFiberInDEV (node_modules/react-test-renderer/cjs/react-test-renderer.development.js:2315:13)
      at warnIfUpdatesNotWrappedWithActDEV (node_modules/react-test-renderer/cjs/react-test-renderer.development.js:14401:9)
      at scheduleUpdateOnFiber (node_modules/react-test-renderer/cjs/react-test-renderer.development.js:12086:9)
      at dispatchSetStateInternal (node_modules/react-test-renderer/cjs/react-test-renderer.development.js:6208:13)
      at dispatchSetState (node_modules/react-test-renderer/cjs/react-test-renderer.development.js:6165:7)
      at setReduced (src/components/wondee/motion.ts:10:79)

    console.error
      An update to Skeleton inside a test was not wrapped in act(...).

      When testing, code that causes React state updates should be wrapped into act(...):

      act(() => {
        /* fire events that update state */
      });
      /* assert on the output */

      This ensures that you're testing the behavior the user would see in the browser. Learn more at https://react.dev/link/wrap-tests-with-act

       8 |   useEffect(() => {
       9 |     let alive = true;
    > 10 |     void AccessibilityInfo.isReduceMotionEnabled().then(value => { if (alive) setReduced(value); }).catch(() => undefined);
         |                                                                               ^
      11 |     const motion = AccessibilityInfo.addEventListener('reduceMotionChanged', setReduced);
      12 |     const app = AppState.addEventListener('change', state => setForeground(state === 'active'));
      13 |     return () => { alive = false; motion.remove(); app.remove(); };

      at node_modules/react-test-renderer/cjs/react-test-renderer.development.js:14402:19
      at runWithFiberInDEV (node_modules/react-test-renderer/cjs/react-test-renderer.development.js:2315:13)
      at warnIfUpdatesNotWrappedWithActDEV (node_modules/react-test-renderer/cjs/react-test-renderer.development.js:14401:9)
      at scheduleUpdateOnFiber (node_modules/react-test-renderer/cjs/react-test-renderer.development.js:12086:9)
      at dispatchSetStateInternal (node_modules/react-test-renderer/cjs/react-test-renderer.development.js:6208:13)
      at dispatchSetState (node_modules/react-test-renderer/cjs/react-test-renderer.development.js:6165:7)
      at setReduced (src/components/wondee/motion.ts:10:79)

    console.error
      An update to WondeeMascot inside a test was not wrapped in act(...).

      When testing, code that causes React state updates should be wrapped into act(...):

      act(() => {
        /* fire events that update state */
      });
      /* assert on the output */

      This ensures that you're testing the behavior the user would see in the browser. Learn more at https://react.dev/link/wrap-tests-with-act

       8 |   useEffect(() => {
       9 |     let alive = true;
    > 10 |     void AccessibilityInfo.isReduceMotionEnabled().then(value => { if (alive) setReduced(value); }).catch(() => undefined);
         |                                                                               ^
      11 |     const motion = AccessibilityInfo.addEventListener('reduceMotionChanged', setReduced);
      12 |     const app = AppState.addEventListener('change', state => setForeground(state === 'active'));
      13 |     return () => { alive = false; motion.remove(); app.remove(); };

      at node_modules/react-test-renderer/cjs/react-test-renderer.development.js:14402:19
      at runWithFiberInDEV (node_modules/react-test-renderer/cjs/react-test-renderer.development.js:2315:13)
      at warnIfUpdatesNotWrappedWithActDEV (node_modules/react-test-renderer/cjs/react-test-renderer.development.js:14401:9)
      at scheduleUpdateOnFiber (node_modules/react-test-renderer/cjs/react-test-renderer.development.js:12086:9)
      at dispatchSetStateInternal (node_modules/react-test-renderer/cjs/react-test-renderer.development.js:6208:13)
      at dispatchSetState (node_modules/react-test-renderer/cjs/react-test-renderer.development.js:6165:7)
      at setReduced (src/components/wondee/motion.ts:10:79)

    console.error
      An update to WondeeMascot inside a test was not wrapped in act(...).

      When testing, code that causes React state updates should be wrapped into act(...):

      act(() => {
        /* fire events that update state */
      });
      /* assert on the output */

      This ensures that you're testing the behavior the user would see in the browser. Learn more at https://react.dev/link/wrap-tests-with-act

       8 |   useEffect(() => {
       9 |     let alive = true;
    > 10 |     void AccessibilityInfo.isReduceMotionEnabled().then(value => { if (alive) setReduced(value); }).catch(() => undefined);
         |                                                                               ^
      11 |     const motion = AccessibilityInfo.addEventListener('reduceMotionChanged', setReduced);
      12 |     const app = AppState.addEventListener('change', state => setForeground(state === 'active'));
      13 |     return () => { alive = false; motion.remove(); app.remove(); };

      at node_modules/react-test-renderer/cjs/react-test-renderer.development.js:14402:19
      at runWithFiberInDEV (node_modules/react-test-renderer/cjs/react-test-renderer.development.js:2315:13)
      at warnIfUpdatesNotWrappedWithActDEV (node_modules/react-test-renderer/cjs/react-test-renderer.development.js:14401:9)
      at scheduleUpdateOnFiber (node_modules/react-test-renderer/cjs/react-test-renderer.development.js:12086:9)
      at dispatchSetStateInternal (node_modules/react-test-renderer/cjs/react-test-renderer.development.js:6208:13)
      at dispatchSetState (node_modules/react-test-renderer/cjs/react-test-renderer.development.js:6165:7)
      at setReduced (src/components/wondee/motion.ts:10:79)

    console.error
      An update to WondeeMascot inside a test was not wrapped in act(...).

      When testing, code that causes React state updates should be wrapped into act(...):

      act(() => {
        /* fire events that update state */
      });
      /* assert on the output */

      This ensures that you're testing the behavior the user would see in the browser. Learn more at https://react.dev/link/wrap-tests-with-act

       8 |   useEffect(() => {
       9 |     let alive = true;
    > 10 |     void AccessibilityInfo.isReduceMotionEnabled().then(value => { if (alive) setReduced(value); }).catch(() => undefined);
         |                                                                               ^
      11 |     const motion = AccessibilityInfo.addEventListener('reduceMotionChanged', setReduced);
      12 |     const app = AppState.addEventListener('change', state => setForeground(state === 'active'));
      13 |     return () => { alive = false; motion.remove(); app.remove(); };

      at node_modules/react-test-renderer/cjs/react-test-renderer.development.js:14402:19
      at runWithFiberInDEV (node_modules/react-test-renderer/cjs/react-test-renderer.development.js:2315:13)
      at warnIfUpdatesNotWrappedWithActDEV (node_modules/react-test-renderer/cjs/react-test-renderer.development.js:14401:9)
      at scheduleUpdateOnFiber (node_modules/react-test-renderer/cjs/react-test-renderer.development.js:12086:9)
      at dispatchSetStateInternal (node_modules/react-test-renderer/cjs/react-test-renderer.development.js:6208:13)
      at dispatchSetState (node_modules/react-test-renderer/cjs/react-test-renderer.development.js:6165:7)
      at setReduced (src/components/wondee/motion.ts:10:79)

    console.error
      An update to WondeeMascot inside a test was not wrapped in act(...).

      When testing, code that causes React state updates should be wrapped into act(...):

      act(() => {
        /* fire events that update state */
      });
      /* assert on the output */

      This ensures that you're testing the behavior the user would see in the browser. Learn more at https://react.dev/link/wrap-tests-with-act

       8 |   useEffect(() => {
       9 |     let alive = true;
    > 10 |     void AccessibilityInfo.isReduceMotionEnabled().then(value => { if (alive) setReduced(value); }).catch(() => undefined);
         |                                                                               ^
      11 |     const motion = AccessibilityInfo.addEventListener('reduceMotionChanged', setReduced);
      12 |     const app = AppState.addEventListener('change', state => setForeground(state === 'active'));
      13 |     return () => { alive = false; motion.remove(); app.remove(); };

      at node_modules/react-test-renderer/cjs/react-test-renderer.development.js:14402:19
      at runWithFiberInDEV (node_modules/react-test-renderer/cjs/react-test-renderer.development.js:2315:13)
      at warnIfUpdatesNotWrappedWithActDEV (node_modules/react-test-renderer/cjs/react-test-renderer.development.js:14401:9)
      at scheduleUpdateOnFiber (node_modules/react-test-renderer/cjs/react-test-renderer.development.js:12086:9)
      at dispatchSetStateInternal (node_modules/react-test-renderer/cjs/react-test-renderer.development.js:6208:13)
      at dispatchSetState (node_modules/react-test-renderer/cjs/react-test-renderer.development.js:6165:7)
      at setReduced (src/components/wondee/motion.ts:10:79)

    console.error
      An update to WondeeMascot inside a test was not wrapped in act(...).

      When testing, code that causes React state updates should be wrapped into act(...):

      act(() => {
        /* fire events that update state */
      });
      /* assert on the output */

      This ensures that you're testing the behavior the user would see in the browser. Learn more at https://react.dev/link/wrap-tests-with-act

       8 |   useEffect(() => {
       9 |     let alive = true;
    > 10 |     void AccessibilityInfo.isReduceMotionEnabled().then(value => { if (alive) setReduced(value); }).catch(() => undefined);
         |                                                                               ^
      11 |     const motion = AccessibilityInfo.addEventListener('reduceMotionChanged', setReduced);
      12 |     const app = AppState.addEventListener('change', state => setForeground(state === 'active'));
      13 |     return () => { alive = false; motion.remove(); app.remove(); };

      at node_modules/react-test-renderer/cjs/react-test-renderer.development.js:14402:19
      at runWithFiberInDEV (node_modules/react-test-renderer/cjs/react-test-renderer.development.js:2315:13)
      at warnIfUpdatesNotWrappedWithActDEV (node_modules/react-test-renderer/cjs/react-test-renderer.development.js:14401:9)
      at scheduleUpdateOnFiber (node_modules/react-test-renderer/cjs/react-test-renderer.development.js:12086:9)
      at dispatchSetStateInternal (node_modules/react-test-renderer/cjs/react-test-renderer.development.js:6208:13)
      at dispatchSetState (node_modules/react-test-renderer/cjs/react-test-renderer.development.js:6165:7)
      at setReduced (src/components/wondee/motion.ts:10:79)

    console.error
      An update to WondeeMascot inside a test was not wrapped in act(...).

      When testing, code that causes React state updates should be wrapped into act(...):

      act(() => {
        /* fire events that update state */
      });
      /* assert on the output */

      This ensures that you're testing the behavior the user would see in the browser. Learn more at https://react.dev/link/wrap-tests-with-act

       8 |   useEffect(() => {
       9 |     let alive = true;
    > 10 |     void AccessibilityInfo.isReduceMotionEnabled().then(value => { if (alive) setReduced(value); }).catch(() => undefined);
         |                                                                               ^
      11 |     const motion = AccessibilityInfo.addEventListener('reduceMotionChanged', setReduced);
      12 |     const app = AppState.addEventListener('change', state => setForeground(state === 'active'));
      13 |     return () => { alive = false; motion.remove(); app.remove(); };

      at node_modules/react-test-renderer/cjs/react-test-renderer.development.js:14402:19
      at runWithFiberInDEV (node_modules/react-test-renderer/cjs/react-test-renderer.development.js:2315:13)
      at warnIfUpdatesNotWrappedWithActDEV (node_modules/react-test-renderer/cjs/react-test-renderer.development.js:14401:9)
      at scheduleUpdateOnFiber (node_modules/react-test-renderer/cjs/react-test-renderer.development.js:12086:9)
      at dispatchSetStateInternal (node_modules/react-test-renderer/cjs/react-test-renderer.development.js:6208:13)
      at dispatchSetState (node_modules/react-test-renderer/cjs/react-test-renderer.development.js:6165:7)
      at setReduced (src/components/wondee/motion.ts:10:79)

    console.error
      An update to WondeeMascot inside a test was not wrapped in act(...).

      When testing, code that causes React state updates should be wrapped into act(...):

      act(() => {
        /* fire events that update state */
      });
      /* assert on the output */

      This ensures that you're testing the behavior the user would see in the browser. Learn more at https://react.dev/link/wrap-tests-with-act

       8 |   useEffect(() => {
       9 |     let alive = true;
    > 10 |     void AccessibilityInfo.isReduceMotionEnabled().then(value => { if (alive) setReduced(value); }).catch(() => undefined);
         |                                                                               ^
      11 |     const motion = AccessibilityInfo.addEventListener('reduceMotionChanged', setReduced);
      12 |     const app = AppState.addEventListener('change', state => setForeground(state === 'active'));
      13 |     return () => { alive = false; motion.remove(); app.remove(); };

      at node_modules/react-test-renderer/cjs/react-test-renderer.development.js:14402:19
      at runWithFiberInDEV (node_modules/react-test-renderer/cjs/react-test-renderer.development.js:2315:13)
      at warnIfUpdatesNotWrappedWithActDEV (node_modules/react-test-renderer/cjs/react-test-renderer.development.js:14401:9)
      at scheduleUpdateOnFiber (node_modules/react-test-renderer/cjs/react-test-renderer.development.js:12086:9)
      at dispatchSetStateInternal (node_modules/react-test-renderer/cjs/react-test-renderer.development.js:6208:13)
      at dispatchSetState (node_modules/react-test-renderer/cjs/react-test-renderer.development.js:6165:7)
      at setReduced (src/components/wondee/motion.ts:10:79)

    console.error
      An update to WondeeMascot inside a test was not wrapped in act(...).

      When testing, code that causes React state updates should be wrapped into act(...):

      act(() => {
        /* fire events that update state */
      });
      /* assert on the output */

      This ensures that you're testing the behavior the user would see in the browser. Learn more at https://react.dev/link/wrap-tests-with-act

       8 |   useEffect(() => {
       9 |     let alive = true;
    > 10 |     void AccessibilityInfo.isReduceMotionEnabled().then(value => { if (alive) setReduced(value); }).catch(() => undefined);
         |                                                                               ^
      11 |     const motion = AccessibilityInfo.addEventListener('reduceMotionChanged', setReduced);
      12 |     const app = AppState.addEventListener('change', state => setForeground(state === 'active'));
      13 |     return () => { alive = false; motion.remove(); app.remove(); };

      at node_modules/react-test-renderer/cjs/react-test-renderer.development.js:14402:19
      at runWithFiberInDEV (node_modules/react-test-renderer/cjs/react-test-renderer.development.js:2315:13)
      at warnIfUpdatesNotWrappedWithActDEV (node_modules/react-test-renderer/cjs/react-test-renderer.development.js:14401:9)
      at scheduleUpdateOnFiber (node_modules/react-test-renderer/cjs/react-test-renderer.development.js:12086:9)
      at dispatchSetStateInternal (node_modules/react-test-renderer/cjs/react-test-renderer.development.js:6208:13)
      at dispatchSetState (node_modules/react-test-renderer/cjs/react-test-renderer.development.js:6165:7)
      at setReduced (src/components/wondee/motion.ts:10:79)

    console.error
      An update to WondeeMascot inside a test was not wrapped in act(...).

      When testing, code that causes React state updates should be wrapped into act(...):

      act(() => {
        /* fire events that update state */
      });
      /* assert on the output */

      This ensures that you're testing the behavior the user would see in the browser. Learn more at https://react.dev/link/wrap-tests-with-act

       8 |   useEffect(() => {
       9 |     let alive = true;
    > 10 |     void AccessibilityInfo.isReduceMotionEnabled().then(value => { if (alive) setReduced(value); }).catch(() => undefined);
         |                                                                               ^
      11 |     const motion = AccessibilityInfo.addEventListener('reduceMotionChanged', setReduced);
      12 |     const app = AppState.addEventListener('change', state => setForeground(state === 'active'));
      13 |     return () => { alive = false; motion.remove(); app.remove(); };

      at node_modules/react-test-renderer/cjs/react-test-renderer.development.js:14402:19
      at runWithFiberInDEV (node_modules/react-test-renderer/cjs/react-test-renderer.development.js:2315:13)
      at warnIfUpdatesNotWrappedWithActDEV (node_modules/react-test-renderer/cjs/react-test-renderer.development.js:14401:9)
      at scheduleUpdateOnFiber (node_modules/react-test-renderer/cjs/react-test-renderer.development.js:12086:9)
      at dispatchSetStateInternal (node_modules/react-test-renderer/cjs/react-test-renderer.development.js:6208:13)
      at dispatchSetState (node_modules/react-test-renderer/cjs/react-test-renderer.development.js:6165:7)
      at setReduced (src/components/wondee/motion.ts:10:79)

    console.error
      An update to WondeeMascot inside a test was not wrapped in act(...).

      When testing, code that causes React state updates should be wrapped into act(...):

      act(() => {
        /* fire events that update state */
      });
      /* assert on the output */

      This ensures that you're testing the behavior the user would see in the browser. Learn more at https://react.dev/link/wrap-tests-with-act

       8 |   useEffect(() => {
       9 |     let alive = true;
    > 10 |     void AccessibilityInfo.isReduceMotionEnabled().then(value => { if (alive) setReduced(value); }).catch(() => undefined);
         |                                                                               ^
      11 |     const motion = AccessibilityInfo.addEventListener('reduceMotionChanged', setReduced);
      12 |     const app = AppState.addEventListener('change', state => setForeground(state === 'active'));
      13 |     return () => { alive = false; motion.remove(); app.remove(); };

      at node_modules/react-test-renderer/cjs/react-test-renderer.development.js:14402:19
      at runWithFiberInDEV (node_modules/react-test-renderer/cjs/react-test-renderer.development.js:2315:13)
      at warnIfUpdatesNotWrappedWithActDEV (node_modules/react-test-renderer/cjs/react-test-renderer.development.js:14401:9)
      at scheduleUpdateOnFiber (node_modules/react-test-renderer/cjs/react-test-renderer.development.js:12086:9)
      at dispatchSetStateInternal (node_modules/react-test-renderer/cjs/react-test-renderer.development.js:6208:13)
      at dispatchSetState (node_modules/react-test-renderer/cjs/react-test-renderer.development.js:6165:7)
      at setReduced (src/components/wondee/motion.ts:10:79)

    console.error
      An update to WondeeMascot inside a test was not wrapped in act(...).

      When testing, code that causes React state updates should be wrapped into act(...):

      act(() => {
        /* fire events that update state */
      });
      /* assert on the output */

      This ensures that you're testing the behavior the user would see in the browser. Learn more at https://react.dev/link/wrap-tests-with-act

       8 |   useEffect(() => {
       9 |     let alive = true;
    > 10 |     void AccessibilityInfo.isReduceMotionEnabled().then(value => { if (alive) setReduced(value); }).catch(() => undefined);
         |                                                                               ^
      11 |     const motion = AccessibilityInfo.addEventListener('reduceMotionChanged', setReduced);
      12 |     const app = AppState.addEventListener('change', state => setForeground(state === 'active'));
      13 |     return () => { alive = false; motion.remove(); app.remove(); };

      at node_modules/react-test-renderer/cjs/react-test-renderer.development.js:14402:19
      at runWithFiberInDEV (node_modules/react-test-renderer/cjs/react-test-renderer.development.js:2315:13)
      at warnIfUpdatesNotWrappedWithActDEV (node_modules/react-test-renderer/cjs/react-test-renderer.development.js:14401:9)
      at scheduleUpdateOnFiber (node_modules/react-test-renderer/cjs/react-test-renderer.development.js:12086:9)
      at dispatchSetStateInternal (node_modules/react-test-renderer/cjs/react-test-renderer.development.js:6208:13)
      at dispatchSetState (node_modules/react-test-renderer/cjs/react-test-renderer.development.js:6165:7)
      at setReduced (src/components/wondee/motion.ts:10:79)

    console.error
      An update to WondeeMascot inside a test was not wrapped in act(...).

      When testing, code that causes React state updates should be wrapped into act(...):

      act(() => {
        /* fire events that update state */
      });
      /* assert on the output */

      This ensures that you're testing the behavior the user would see in the browser. Learn more at https://react.dev/link/wrap-tests-with-act

       8 |   useEffect(() => {
       9 |     let alive = true;
    > 10 |     void AccessibilityInfo.isReduceMotionEnabled().then(value => { if (alive) setReduced(value); }).catch(() => undefined);
         |                                                                               ^
      11 |     const motion = AccessibilityInfo.addEventListener('reduceMotionChanged', setReduced);
      12 |     const app = AppState.addEventListener('change', state => setForeground(state === 'active'));
      13 |     return () => { alive = false; motion.remove(); app.remove(); };

      at node_modules/react-test-renderer/cjs/react-test-renderer.development.js:14402:19
      at runWithFiberInDEV (node_modules/react-test-renderer/cjs/react-test-renderer.development.js:2315:13)
      at warnIfUpdatesNotWrappedWithActDEV (node_modules/react-test-renderer/cjs/react-test-renderer.development.js:14401:9)
      at scheduleUpdateOnFiber (node_modules/react-test-renderer/cjs/react-test-renderer.development.js:12086:9)
      at dispatchSetStateInternal (node_modules/react-test-renderer/cjs/react-test-renderer.development.js:6208:13)
      at dispatchSetState (node_modules/react-test-renderer/cjs/react-test-renderer.development.js:6165:7)
      at setReduced (src/components/wondee/motion.ts:10:79)

PASS component-tests/theme-provider.test.tsx
PASS component-tests/profile-screen.test.tsx
  ● Console

    console.error
      An update to WondeeMascot inside a test was not wrapped in act(...).

      When testing, code that causes React state updates should be wrapped into act(...):

      act(() => {
        /* fire events that update state */
      });
      /* assert on the output */

      This ensures that you're testing the behavior the user would see in the browser. Learn more at https://react.dev/link/wrap-tests-with-act

       8 |   useEffect(() => {
       9 |     let alive = true;
    > 10 |     void AccessibilityInfo.isReduceMotionEnabled().then(value => { if (alive) setReduced(value); }).catch(() => undefined);
         |                                                                               ^
      11 |     const motion = AccessibilityInfo.addEventListener('reduceMotionChanged', setReduced);
      12 |     const app = AppState.addEventListener('change', state => setForeground(state === 'active'));
      13 |     return () => { alive = false; motion.remove(); app.remove(); };

      at node_modules/react-test-renderer/cjs/react-test-renderer.development.js:14402:19
      at runWithFiberInDEV (node_modules/react-test-renderer/cjs/react-test-renderer.development.js:2315:13)
      at warnIfUpdatesNotWrappedWithActDEV (node_modules/react-test-renderer/cjs/react-test-renderer.development.js:14401:9)
      at scheduleUpdateOnFiber (node_modules/react-test-renderer/cjs/react-test-renderer.development.js:12086:9)
      at dispatchSetStateInternal (node_modules/react-test-renderer/cjs/react-test-renderer.development.js:6208:13)
      at dispatchSetState (node_modules/react-test-renderer/cjs/react-test-renderer.development.js:6165:7)
      at setReduced (src/components/wondee/motion.ts:10:79)

    console.error
      An update to WondeeMascot inside a test was not wrapped in act(...).

      When testing, code that causes React state updates should be wrapped into act(...):

      act(() => {
        /* fire events that update state */
      });
      /* assert on the output */

      This ensures that you're testing the behavior the user would see in the browser. Learn more at https://react.dev/link/wrap-tests-with-act

       8 |   useEffect(() => {
       9 |     let alive = true;
    > 10 |     void AccessibilityInfo.isReduceMotionEnabled().then(value => { if (alive) setReduced(value); }).catch(() => undefined);
         |                                                                               ^
      11 |     const motion = AccessibilityInfo.addEventListener('reduceMotionChanged', setReduced);
      12 |     const app = AppState.addEventListener('change', state => setForeground(state === 'active'));
      13 |     return () => { alive = false; motion.remove(); app.remove(); };

      at node_modules/react-test-renderer/cjs/react-test-renderer.development.js:14402:19
      at runWithFiberInDEV (node_modules/react-test-renderer/cjs/react-test-renderer.development.js:2315:13)
      at warnIfUpdatesNotWrappedWithActDEV (node_modules/react-test-renderer/cjs/react-test-renderer.development.js:14401:9)
      at scheduleUpdateOnFiber (node_modules/react-test-renderer/cjs/react-test-renderer.development.js:12086:9)
      at dispatchSetStateInternal (node_modules/react-test-renderer/cjs/react-test-renderer.development.js:6208:13)
      at dispatchSetState (node_modules/react-test-renderer/cjs/react-test-renderer.development.js:6165:7)
      at setReduced (src/components/wondee/motion.ts:10:79)

    console.error
      An update to WondeeMascot inside a test was not wrapped in act(...).

      When testing, code that causes React state updates should be wrapped into act(...):

      act(() => {
        /* fire events that update state */
      });
      /* assert on the output */

      This ensures that you're testing the behavior the user would see in the browser. Learn more at https://react.dev/link/wrap-tests-with-act

       8 |   useEffect(() => {
       9 |     let alive = true;
    > 10 |     void AccessibilityInfo.isReduceMotionEnabled().then(value => { if (alive) setReduced(value); }).catch(() => undefined);
         |                                                                               ^
      11 |     const motion = AccessibilityInfo.addEventListener('reduceMotionChanged', setReduced);
      12 |     const app = AppState.addEventListener('change', state => setForeground(state === 'active'));
      13 |     return () => { alive = false; motion.remove(); app.remove(); };

      at node_modules/react-test-renderer/cjs/react-test-renderer.development.js:14402:19
      at runWithFiberInDEV (node_modules/react-test-renderer/cjs/react-test-renderer.development.js:2315:13)
      at warnIfUpdatesNotWrappedWithActDEV (node_modules/react-test-renderer/cjs/react-test-renderer.development.js:14401:9)
      at scheduleUpdateOnFiber (node_modules/react-test-renderer/cjs/react-test-renderer.development.js:12086:9)
      at dispatchSetStateInternal (node_modules/react-test-renderer/cjs/react-test-renderer.development.js:6208:13)
      at dispatchSetState (node_modules/react-test-renderer/cjs/react-test-renderer.development.js:6165:7)
      at setReduced (src/components/wondee/motion.ts:10:79)

    console.error
      An update to WondeeMascot inside a test was not wrapped in act(...).

      When testing, code that causes React state updates should be wrapped into act(...):

      act(() => {
        /* fire events that update state */
      });
      /* assert on the output */

      This ensures that you're testing the behavior the user would see in the browser. Learn more at https://react.dev/link/wrap-tests-with-act

       8 |   useEffect(() => {
       9 |     let alive = true;
    > 10 |     void AccessibilityInfo.isReduceMotionEnabled().then(value => { if (alive) setReduced(value); }).catch(() => undefined);
         |                                                                               ^
      11 |     const motion = AccessibilityInfo.addEventListener('reduceMotionChanged', setReduced);
      12 |     const app = AppState.addEventListener('change', state => setForeground(state === 'active'));
      13 |     return () => { alive = false; motion.remove(); app.remove(); };

      at node_modules/react-test-renderer/cjs/react-test-renderer.development.js:14402:19
      at runWithFiberInDEV (node_modules/react-test-renderer/cjs/react-test-renderer.development.js:2315:13)
      at warnIfUpdatesNotWrappedWithActDEV (node_modules/react-test-renderer/cjs/react-test-renderer.development.js:14401:9)
      at scheduleUpdateOnFiber (node_modules/react-test-renderer/cjs/react-test-renderer.development.js:12086:9)
      at dispatchSetStateInternal (node_modules/react-test-renderer/cjs/react-test-renderer.development.js:6208:13)
      at dispatchSetState (node_modules/react-test-renderer/cjs/react-test-renderer.development.js:6165:7)
      at setReduced (src/components/wondee/motion.ts:10:79)

    console.error
      An update to WondeeMascot inside a test was not wrapped in act(...).

      When testing, code that causes React state updates should be wrapped into act(...):

      act(() => {
        /* fire events that update state */
      });
      /* assert on the output */

      This ensures that you're testing the behavior the user would see in the browser. Learn more at https://react.dev/link/wrap-tests-with-act

       8 |   useEffect(() => {
       9 |     let alive = true;
    > 10 |     void AccessibilityInfo.isReduceMotionEnabled().then(value => { if (alive) setReduced(value); }).catch(() => undefined);
         |                                                                               ^
      11 |     const motion = AccessibilityInfo.addEventListener('reduceMotionChanged', setReduced);
      12 |     const app = AppState.addEventListener('change', state => setForeground(state === 'active'));
      13 |     return () => { alive = false; motion.remove(); app.remove(); };

      at node_modules/react-test-renderer/cjs/react-test-renderer.development.js:14402:19
      at runWithFiberInDEV (node_modules/react-test-renderer/cjs/react-test-renderer.development.js:2315:13)
      at warnIfUpdatesNotWrappedWithActDEV (node_modules/react-test-renderer/cjs/react-test-renderer.development.js:14401:9)
      at scheduleUpdateOnFiber (node_modules/react-test-renderer/cjs/react-test-renderer.development.js:12086:9)
      at dispatchSetStateInternal (node_modules/react-test-renderer/cjs/react-test-renderer.development.js:6208:13)
      at dispatchSetState (node_modules/react-test-renderer/cjs/react-test-renderer.development.js:6165:7)
      at setReduced (src/components/wondee/motion.ts:10:79)

    console.error
      An update to WondeeMascot inside a test was not wrapped in act(...).

      When testing, code that causes React state updates should be wrapped into act(...):

      act(() => {
        /* fire events that update state */
      });
      /* assert on the output */

      This ensures that you're testing the behavior the user would see in the browser. Learn more at https://react.dev/link/wrap-tests-with-act

       8 |   useEffect(() => {
       9 |     let alive = true;
    > 10 |     void AccessibilityInfo.isReduceMotionEnabled().then(value => { if (alive) setReduced(value); }).catch(() => undefined);
         |                                                                               ^
      11 |     const motion = AccessibilityInfo.addEventListener('reduceMotionChanged', setReduced);
      12 |     const app = AppState.addEventListener('change', state => setForeground(state === 'active'));
      13 |     return () => { alive = false; motion.remove(); app.remove(); };

      at node_modules/react-test-renderer/cjs/react-test-renderer.development.js:14402:19
      at runWithFiberInDEV (node_modules/react-test-renderer/cjs/react-test-renderer.development.js:2315:13)
      at warnIfUpdatesNotWrappedWithActDEV (node_modules/react-test-renderer/cjs/react-test-renderer.development.js:14401:9)
      at scheduleUpdateOnFiber (node_modules/react-test-renderer/cjs/react-test-renderer.development.js:12086:9)
      at dispatchSetStateInternal (node_modules/react-test-renderer/cjs/react-test-renderer.development.js:6208:13)
      at dispatchSetState (node_modules/react-test-renderer/cjs/react-test-renderer.development.js:6165:7)
      at setReduced (src/components/wondee/motion.ts:10:79)

    console.error
      An update to WondeeMascot inside a test was not wrapped in act(...).

      When testing, code that causes React state updates should be wrapped into act(...):

      act(() => {
        /* fire events that update state */
      });
      /* assert on the output */

      This ensures that you're testing the behavior the user would see in the browser. Learn more at https://react.dev/link/wrap-tests-with-act

       8 |   useEffect(() => {
       9 |     let alive = true;
    > 10 |     void AccessibilityInfo.isReduceMotionEnabled().then(value => { if (alive) setReduced(value); }).catch(() => undefined);
         |                                                                               ^
      11 |     const motion = AccessibilityInfo.addEventListener('reduceMotionChanged', setReduced);
      12 |     const app = AppState.addEventListener('change', state => setForeground(state === 'active'));
      13 |     return () => { alive = false; motion.remove(); app.remove(); };

      at node_modules/react-test-renderer/cjs/react-test-renderer.development.js:14402:19
      at runWithFiberInDEV (node_modules/react-test-renderer/cjs/react-test-renderer.development.js:2315:13)
      at warnIfUpdatesNotWrappedWithActDEV (node_modules/react-test-renderer/cjs/react-test-renderer.development.js:14401:9)
      at scheduleUpdateOnFiber (node_modules/react-test-renderer/cjs/react-test-renderer.development.js:12086:9)
      at dispatchSetStateInternal (node_modules/react-test-renderer/cjs/react-test-renderer.development.js:6208:13)
      at dispatchSetState (node_modules/react-test-renderer/cjs/react-test-renderer.development.js:6165:7)
      at setReduced (src/components/wondee/motion.ts:10:79)

    console.error
      An update to WondeeMascot inside a test was not wrapped in act(...).

      When testing, code that causes React state updates should be wrapped into act(...):

      act(() => {
        /* fire events that update state */
      });
      /* assert on the output */

      This ensures that you're testing the behavior the user would see in the browser. Learn more at https://react.dev/link/wrap-tests-with-act

       8 |   useEffect(() => {
       9 |     let alive = true;
    > 10 |     void AccessibilityInfo.isReduceMotionEnabled().then(value => { if (alive) setReduced(value); }).catch(() => undefined);
         |                                                                               ^
      11 |     const motion = AccessibilityInfo.addEventListener('reduceMotionChanged', setReduced);
      12 |     const app = AppState.addEventListener('change', state => setForeground(state === 'active'));
      13 |     return () => { alive = false; motion.remove(); app.remove(); };

      at node_modules/react-test-renderer/cjs/react-test-renderer.development.js:14402:19
      at runWithFiberInDEV (node_modules/react-test-renderer/cjs/react-test-renderer.development.js:2315:13)
      at warnIfUpdatesNotWrappedWithActDEV (node_modules/react-test-renderer/cjs/react-test-renderer.development.js:14401:9)
      at scheduleUpdateOnFiber (node_modules/react-test-renderer/cjs/react-test-renderer.development.js:12086:9)
      at dispatchSetStateInternal (node_modules/react-test-renderer/cjs/react-test-renderer.development.js:6208:13)
      at dispatchSetState (node_modules/react-test-renderer/cjs/react-test-renderer.development.js:6165:7)
      at setReduced (src/components/wondee/motion.ts:10:79)

    console.error
      An update to WondeeMascot inside a test was not wrapped in act(...).

      When testing, code that causes React state updates should be wrapped into act(...):

      act(() => {
        /* fire events that update state */
      });
      /* assert on the output */

      This ensures that you're testing the behavior the user would see in the browser. Learn more at https://react.dev/link/wrap-tests-with-act

       8 |   useEffect(() => {
       9 |     let alive = true;
    > 10 |     void AccessibilityInfo.isReduceMotionEnabled().then(value => { if (alive) setReduced(value); }).catch(() => undefined);
         |                                                                               ^
      11 |     const motion = AccessibilityInfo.addEventListener('reduceMotionChanged', setReduced);
      12 |     const app = AppState.addEventListener('change', state => setForeground(state === 'active'));
      13 |     return () => { alive = false; motion.remove(); app.remove(); };

      at node_modules/react-test-renderer/cjs/react-test-renderer.development.js:14402:19
      at runWithFiberInDEV (node_modules/react-test-renderer/cjs/react-test-renderer.development.js:2315:13)
      at warnIfUpdatesNotWrappedWithActDEV (node_modules/react-test-renderer/cjs/react-test-renderer.development.js:14401:9)
      at scheduleUpdateOnFiber (node_modules/react-test-renderer/cjs/react-test-renderer.development.js:12086:9)
      at dispatchSetStateInternal (node_modules/react-test-renderer/cjs/react-test-renderer.development.js:6208:13)
      at dispatchSetState (node_modules/react-test-renderer/cjs/react-test-renderer.development.js:6165:7)
      at setReduced (src/components/wondee/motion.ts:10:79)

    console.error
      An update to WondeeMascot inside a test was not wrapped in act(...).

      When testing, code that causes React state updates should be wrapped into act(...):

      act(() => {
        /* fire events that update state */
      });
      /* assert on the output */

      This ensures that you're testing the behavior the user would see in the browser. Learn more at https://react.dev/link/wrap-tests-with-act

       8 |   useEffect(() => {
       9 |     let alive = true;
    > 10 |     void AccessibilityInfo.isReduceMotionEnabled().then(value => { if (alive) setReduced(value); }).catch(() => undefined);
         |                                                                               ^
      11 |     const motion = AccessibilityInfo.addEventListener('reduceMotionChanged', setReduced);
      12 |     const app = AppState.addEventListener('change', state => setForeground(state === 'active'));
      13 |     return () => { alive = false; motion.remove(); app.remove(); };

      at node_modules/react-test-renderer/cjs/react-test-renderer.development.js:14402:19
      at runWithFiberInDEV (node_modules/react-test-renderer/cjs/react-test-renderer.development.js:2315:13)
      at warnIfUpdatesNotWrappedWithActDEV (node_modules/react-test-renderer/cjs/react-test-renderer.development.js:14401:9)
      at scheduleUpdateOnFiber (node_modules/react-test-renderer/cjs/react-test-renderer.development.js:12086:9)
      at dispatchSetStateInternal (node_modules/react-test-renderer/cjs/react-test-renderer.development.js:6208:13)
      at dispatchSetState (node_modules/react-test-renderer/cjs/react-test-renderer.development.js:6165:7)
      at setReduced (src/components/wondee/motion.ts:10:79)

    console.error
      An update to WondeeMascot inside a test was not wrapped in act(...).

      When testing, code that causes React state updates should be wrapped into act(...):

      act(() => {
        /* fire events that update state */
      });
      /* assert on the output */

      This ensures that you're testing the behavior the user would see in the browser. Learn more at https://react.dev/link/wrap-tests-with-act

       8 |   useEffect(() => {
       9 |     let alive = true;
    > 10 |     void AccessibilityInfo.isReduceMotionEnabled().then(value => { if (alive) setReduced(value); }).catch(() => undefined);
         |                                                                               ^
      11 |     const motion = AccessibilityInfo.addEventListener('reduceMotionChanged', setReduced);
      12 |     const app = AppState.addEventListener('change', state => setForeground(state === 'active'));
      13 |     return () => { alive = false; motion.remove(); app.remove(); };

      at node_modules/react-test-renderer/cjs/react-test-renderer.development.js:14402:19
      at runWithFiberInDEV (node_modules/react-test-renderer/cjs/react-test-renderer.development.js:2315:13)
      at warnIfUpdatesNotWrappedWithActDEV (node_modules/react-test-renderer/cjs/react-test-renderer.development.js:14401:9)
      at scheduleUpdateOnFiber (node_modules/react-test-renderer/cjs/react-test-renderer.development.js:12086:9)
      at dispatchSetStateInternal (node_modules/react-test-renderer/cjs/react-test-renderer.development.js:6208:13)
      at dispatchSetState (node_modules/react-test-renderer/cjs/react-test-renderer.development.js:6165:7)
      at setReduced (src/components/wondee/motion.ts:10:79)

    console.error
      An update to WondeeMascot inside a test was not wrapped in act(...).

      When testing, code that causes React state updates should be wrapped into act(...):

      act(() => {
        /* fire events that update state */
      });
      /* assert on the output */

      This ensures that you're testing the behavior the user would see in the browser. Learn more at https://react.dev/link/wrap-tests-with-act

       8 |   useEffect(() => {
       9 |     let alive = true;
    > 10 |     void AccessibilityInfo.isReduceMotionEnabled().then(value => { if (alive) setReduced(value); }).catch(() => undefined);
         |                                                                               ^
      11 |     const motion = AccessibilityInfo.addEventListener('reduceMotionChanged', setReduced);
      12 |     const app = AppState.addEventListener('change', state => setForeground(state === 'active'));
      13 |     return () => { alive = false; motion.remove(); app.remove(); };

      at node_modules/react-test-renderer/cjs/react-test-renderer.development.js:14402:19
      at runWithFiberInDEV (node_modules/react-test-renderer/cjs/react-test-renderer.development.js:2315:13)
      at warnIfUpdatesNotWrappedWithActDEV (node_modules/react-test-renderer/cjs/react-test-renderer.development.js:14401:9)
      at scheduleUpdateOnFiber (node_modules/react-test-renderer/cjs/react-test-renderer.development.js:12086:9)
      at dispatchSetStateInternal (node_modules/react-test-renderer/cjs/react-test-renderer.development.js:6208:13)
      at dispatchSetState (node_modules/react-test-renderer/cjs/react-test-renderer.development.js:6165:7)
      at setReduced (src/components/wondee/motion.ts:10:79)

    console.error
      An update to WondeeMascot inside a test was not wrapped in act(...).

      When testing, code that causes React state updates should be wrapped into act(...):

      act(() => {
        /* fire events that update state */
      });
      /* assert on the output */

      This ensures that you're testing the behavior the user would see in the browser. Learn more at https://react.dev/link/wrap-tests-with-act

       8 |   useEffect(() => {
       9 |     let alive = true;
    > 10 |     void AccessibilityInfo.isReduceMotionEnabled().then(value => { if (alive) setReduced(value); }).catch(() => undefined);
         |                                                                               ^
      11 |     const motion = AccessibilityInfo.addEventListener('reduceMotionChanged', setReduced);
      12 |     const app = AppState.addEventListener('change', state => setForeground(state === 'active'));
      13 |     return () => { alive = false; motion.remove(); app.remove(); };

      at node_modules/react-test-renderer/cjs/react-test-renderer.development.js:14402:19
      at runWithFiberInDEV (node_modules/react-test-renderer/cjs/react-test-renderer.development.js:2315:13)
      at warnIfUpdatesNotWrappedWithActDEV (node_modules/react-test-renderer/cjs/react-test-renderer.development.js:14401:9)
      at scheduleUpdateOnFiber (node_modules/react-test-renderer/cjs/react-test-renderer.development.js:12086:9)
      at dispatchSetStateInternal (node_modules/react-test-renderer/cjs/react-test-renderer.development.js:6208:13)
      at dispatchSetState (node_modules/react-test-renderer/cjs/react-test-renderer.development.js:6165:7)
      at setReduced (src/components/wondee/motion.ts:10:79)

    console.error
      An update to WondeeMascot inside a test was not wrapped in act(...).

      When testing, code that causes React state updates should be wrapped into act(...):

      act(() => {
        /* fire events that update state */
      });
      /* assert on the output */

      This ensures that you're testing the behavior the user would see in the browser. Learn more at https://react.dev/link/wrap-tests-with-act

       8 |   useEffect(() => {
       9 |     let alive = true;
    > 10 |     void AccessibilityInfo.isReduceMotionEnabled().then(value => { if (alive) setReduced(value); }).catch(() => undefined);
         |                                                                               ^
      11 |     const motion = AccessibilityInfo.addEventListener('reduceMotionChanged', setReduced);
      12 |     const app = AppState.addEventListener('change', state => setForeground(state === 'active'));
      13 |     return () => { alive = false; motion.remove(); app.remove(); };

      at node_modules/react-test-renderer/cjs/react-test-renderer.development.js:14402:19
      at runWithFiberInDEV (node_modules/react-test-renderer/cjs/react-test-renderer.development.js:2315:13)
      at warnIfUpdatesNotWrappedWithActDEV (node_modules/react-test-renderer/cjs/react-test-renderer.development.js:14401:9)
      at scheduleUpdateOnFiber (node_modules/react-test-renderer/cjs/react-test-renderer.development.js:12086:9)
      at dispatchSetStateInternal (node_modules/react-test-renderer/cjs/react-test-renderer.development.js:6208:13)
      at dispatchSetState (node_modules/react-test-renderer/cjs/react-test-renderer.development.js:6165:7)
      at setReduced (src/components/wondee/motion.ts:10:79)

PASS component-tests/seller-verification-screen.test.tsx
  ● Console

    console.error
      An update to WondeeMascot inside a test was not wrapped in act(...).

      When testing, code that causes React state updates should be wrapped into act(...):

      act(() => {
        /* fire events that update state */
      });
      /* assert on the output */

      This ensures that you're testing the behavior the user would see in the browser. Learn more at https://react.dev/link/wrap-tests-with-act

       8 |   useEffect(() => {
       9 |     let alive = true;
    > 10 |     void AccessibilityInfo.isReduceMotionEnabled().then(value => { if (alive) setReduced(value); }).catch(() => undefined);
         |                                                                               ^
      11 |     const motion = AccessibilityInfo.addEventListener('reduceMotionChanged', setReduced);
      12 |     const app = AppState.addEventListener('change', state => setForeground(state === 'active'));
      13 |     return () => { alive = false; motion.remove(); app.remove(); };

      at node_modules/react-test-renderer/cjs/react-test-renderer.development.js:14402:19
      at runWithFiberInDEV (node_modules/react-test-renderer/cjs/react-test-renderer.development.js:2315:13)
      at warnIfUpdatesNotWrappedWithActDEV (node_modules/react-test-renderer/cjs/react-test-renderer.development.js:14401:9)
      at scheduleUpdateOnFiber (node_modules/react-test-renderer/cjs/react-test-renderer.development.js:12086:9)
      at dispatchSetStateInternal (node_modules/react-test-renderer/cjs/react-test-renderer.development.js:6208:13)
      at dispatchSetState (node_modules/react-test-renderer/cjs/react-test-renderer.development.js:6165:7)
      at setReduced (src/components/wondee/motion.ts:10:79)

    console.error
      An update to WondeeMascot inside a test was not wrapped in act(...).

      When testing, code that causes React state updates should be wrapped into act(...):

      act(() => {
        /* fire events that update state */
      });
      /* assert on the output */

      This ensures that you're testing the behavior the user would see in the browser. Learn more at https://react.dev/link/wrap-tests-with-act

       8 |   useEffect(() => {
       9 |     let alive = true;
    > 10 |     void AccessibilityInfo.isReduceMotionEnabled().then(value => { if (alive) setReduced(value); }).catch(() => undefined);
         |                                                                               ^
      11 |     const motion = AccessibilityInfo.addEventListener('reduceMotionChanged', setReduced);
      12 |     const app = AppState.addEventListener('change', state => setForeground(state === 'active'));
      13 |     return () => { alive = false; motion.remove(); app.remove(); };

      at node_modules/react-test-renderer/cjs/react-test-renderer.development.js:14402:19
      at runWithFiberInDEV (node_modules/react-test-renderer/cjs/react-test-renderer.development.js:2315:13)
      at warnIfUpdatesNotWrappedWithActDEV (node_modules/react-test-renderer/cjs/react-test-renderer.development.js:14401:9)
      at scheduleUpdateOnFiber (node_modules/react-test-renderer/cjs/react-test-renderer.development.js:12086:9)
      at dispatchSetStateInternal (node_modules/react-test-renderer/cjs/react-test-renderer.development.js:6208:13)
      at dispatchSetState (node_modules/react-test-renderer/cjs/react-test-renderer.development.js:6165:7)
      at setReduced (src/components/wondee/motion.ts:10:79)

    console.error
      An update to WondeeMascot inside a test was not wrapped in act(...).

      When testing, code that causes React state updates should be wrapped into act(...):

      act(() => {
        /* fire events that update state */
      });
      /* assert on the output */

      This ensures that you're testing the behavior the user would see in the browser. Learn more at https://react.dev/link/wrap-tests-with-act

       8 |   useEffect(() => {
       9 |     let alive = true;
    > 10 |     void AccessibilityInfo.isReduceMotionEnabled().then(value => { if (alive) setReduced(value); }).catch(() => undefined);
         |                                                                               ^
      11 |     const motion = AccessibilityInfo.addEventListener('reduceMotionChanged', setReduced);
      12 |     const app = AppState.addEventListener('change', state => setForeground(state === 'active'));
      13 |     return () => { alive = false; motion.remove(); app.remove(); };

      at node_modules/react-test-renderer/cjs/react-test-renderer.development.js:14402:19
      at runWithFiberInDEV (node_modules/react-test-renderer/cjs/react-test-renderer.development.js:2315:13)
      at warnIfUpdatesNotWrappedWithActDEV (node_modules/react-test-renderer/cjs/react-test-renderer.development.js:14401:9)
      at scheduleUpdateOnFiber (node_modules/react-test-renderer/cjs/react-test-renderer.development.js:12086:9)
      at dispatchSetStateInternal (node_modules/react-test-renderer/cjs/react-test-renderer.development.js:6208:13)
      at dispatchSetState (node_modules/react-test-renderer/cjs/react-test-renderer.development.js:6165:7)
      at setReduced (src/components/wondee/motion.ts:10:79)

    console.error
      An update to WondeeMascot inside a test was not wrapped in act(...).

      When testing, code that causes React state updates should be wrapped into act(...):

      act(() => {
        /* fire events that update state */
      });
      /* assert on the output */

      This ensures that you're testing the behavior the user would see in the browser. Learn more at https://react.dev/link/wrap-tests-with-act

       8 |   useEffect(() => {
       9 |     let alive = true;
    > 10 |     void AccessibilityInfo.isReduceMotionEnabled().then(value => { if (alive) setReduced(value); }).catch(() => undefined);
         |                                                                               ^
      11 |     const motion = AccessibilityInfo.addEventListener('reduceMotionChanged', setReduced);
      12 |     const app = AppState.addEventListener('change', state => setForeground(state === 'active'));
      13 |     return () => { alive = false; motion.remove(); app.remove(); };

      at node_modules/react-test-renderer/cjs/react-test-renderer.development.js:14402:19
      at runWithFiberInDEV (node_modules/react-test-renderer/cjs/react-test-renderer.development.js:2315:13)
      at warnIfUpdatesNotWrappedWithActDEV (node_modules/react-test-renderer/cjs/react-test-renderer.development.js:14401:9)
      at scheduleUpdateOnFiber (node_modules/react-test-renderer/cjs/react-test-renderer.development.js:12086:9)
      at dispatchSetStateInternal (node_modules/react-test-renderer/cjs/react-test-renderer.development.js:6208:13)
      at dispatchSetState (node_modules/react-test-renderer/cjs/react-test-renderer.development.js:6165:7)
      at setReduced (src/components/wondee/motion.ts:10:79)

    console.error
      An update to WondeeMascot inside a test was not wrapped in act(...).

      When testing, code that causes React state updates should be wrapped into act(...):

      act(() => {
        /* fire events that update state */
      });
      /* assert on the output */

      This ensures that you're testing the behavior the user would see in the browser. Learn more at https://react.dev/link/wrap-tests-with-act

       8 |   useEffect(() => {
       9 |     let alive = true;
    > 10 |     void AccessibilityInfo.isReduceMotionEnabled().then(value => { if (alive) setReduced(value); }).catch(() => undefined);
         |                                                                               ^
      11 |     const motion = AccessibilityInfo.addEventListener('reduceMotionChanged', setReduced);
      12 |     const app = AppState.addEventListener('change', state => setForeground(state === 'active'));
      13 |     return () => { alive = false; motion.remove(); app.remove(); };

      at node_modules/react-test-renderer/cjs/react-test-renderer.development.js:14402:19
      at runWithFiberInDEV (node_modules/react-test-renderer/cjs/react-test-renderer.development.js:2315:13)
      at warnIfUpdatesNotWrappedWithActDEV (node_modules/react-test-renderer/cjs/react-test-renderer.development.js:14401:9)
      at scheduleUpdateOnFiber (node_modules/react-test-renderer/cjs/react-test-renderer.development.js:12086:9)
      at dispatchSetStateInternal (node_modules/react-test-renderer/cjs/react-test-renderer.development.js:6208:13)
      at dispatchSetState (node_modules/react-test-renderer/cjs/react-test-renderer.development.js:6165:7)
      at setReduced (src/components/wondee/motion.ts:10:79)

    console.error
      An update to WondeeMascot inside a test was not wrapped in act(...).

      When testing, code that causes React state updates should be wrapped into act(...):

      act(() => {
        /* fire events that update state */
      });
      /* assert on the output */

      This ensures that you're testing the behavior the user would see in the browser. Learn more at https://react.dev/link/wrap-tests-with-act

       8 |   useEffect(() => {
       9 |     let alive = true;
    > 10 |     void AccessibilityInfo.isReduceMotionEnabled().then(value => { if (alive) setReduced(value); }).catch(() => undefined);
         |                                                                               ^
      11 |     const motion = AccessibilityInfo.addEventListener('reduceMotionChanged', setReduced);
      12 |     const app = AppState.addEventListener('change', state => setForeground(state === 'active'));
      13 |     return () => { alive = false; motion.remove(); app.remove(); };

      at node_modules/react-test-renderer/cjs/react-test-renderer.development.js:14402:19
      at runWithFiberInDEV (node_modules/react-test-renderer/cjs/react-test-renderer.development.js:2315:13)
      at warnIfUpdatesNotWrappedWithActDEV (node_modules/react-test-renderer/cjs/react-test-renderer.development.js:14401:9)
      at scheduleUpdateOnFiber (node_modules/react-test-renderer/cjs/react-test-renderer.development.js:12086:9)
      at dispatchSetStateInternal (node_modules/react-test-renderer/cjs/react-test-renderer.development.js:6208:13)
      at dispatchSetState (node_modules/react-test-renderer/cjs/react-test-renderer.development.js:6165:7)
      at setReduced (src/components/wondee/motion.ts:10:79)

PASS component-tests/orders-list-screen.test.tsx
  ● Console

    console.error
      An update to WondeeMascot inside a test was not wrapped in act(...).

      When testing, code that causes React state updates should be wrapped into act(...):

      act(() => {
        /* fire events that update state */
      });
      /* assert on the output */

      This ensures that you're testing the behavior the user would see in the browser. Learn more at https://react.dev/link/wrap-tests-with-act

       8 |   useEffect(() => {
       9 |     let alive = true;
    > 10 |     void AccessibilityInfo.isReduceMotionEnabled().then(value => { if (alive) setReduced(value); }).catch(() => undefined);
         |                                                                               ^
      11 |     const motion = AccessibilityInfo.addEventListener('reduceMotionChanged', setReduced);
      12 |     const app = AppState.addEventListener('change', state => setForeground(state === 'active'));
      13 |     return () => { alive = false; motion.remove(); app.remove(); };

      at node_modules/react-test-renderer/cjs/react-test-renderer.development.js:14402:19
      at runWithFiberInDEV (node_modules/react-test-renderer/cjs/react-test-renderer.development.js:2315:13)
      at warnIfUpdatesNotWrappedWithActDEV (node_modules/react-test-renderer/cjs/react-test-renderer.development.js:14401:9)
      at scheduleUpdateOnFiber (node_modules/react-test-renderer/cjs/react-test-renderer.development.js:12086:9)
      at dispatchSetStateInternal (node_modules/react-test-renderer/cjs/react-test-renderer.development.js:6208:13)
      at dispatchSetState (node_modules/react-test-renderer/cjs/react-test-renderer.development.js:6165:7)
      at setReduced (src/components/wondee/motion.ts:10:79)

    console.error
      An update to WondeeMascot inside a test was not wrapped in act(...).

      When testing, code that causes React state updates should be wrapped into act(...):

      act(() => {
        /* fire events that update state */
      });
      /* assert on the output */

      This ensures that you're testing the behavior the user would see in the browser. Learn more at https://react.dev/link/wrap-tests-with-act

       8 |   useEffect(() => {
       9 |     let alive = true;
    > 10 |     void AccessibilityInfo.isReduceMotionEnabled().then(value => { if (alive) setReduced(value); }).catch(() => undefined);
         |                                                                               ^
      11 |     const motion = AccessibilityInfo.addEventListener('reduceMotionChanged', setReduced);
      12 |     const app = AppState.addEventListener('change', state => setForeground(state === 'active'));
      13 |     return () => { alive = false; motion.remove(); app.remove(); };

      at node_modules/react-test-renderer/cjs/react-test-renderer.development.js:14402:19
      at runWithFiberInDEV (node_modules/react-test-renderer/cjs/react-test-renderer.development.js:2315:13)
      at warnIfUpdatesNotWrappedWithActDEV (node_modules/react-test-renderer/cjs/react-test-renderer.development.js:14401:9)
      at scheduleUpdateOnFiber (node_modules/react-test-renderer/cjs/react-test-renderer.development.js:12086:9)
      at dispatchSetStateInternal (node_modules/react-test-renderer/cjs/react-test-renderer.development.js:6208:13)
      at dispatchSetState (node_modules/react-test-renderer/cjs/react-test-renderer.development.js:6165:7)
      at setReduced (src/components/wondee/motion.ts:10:79)

    console.error
      An update to WondeeMascot inside a test was not wrapped in act(...).

      When testing, code that causes React state updates should be wrapped into act(...):

      act(() => {
        /* fire events that update state */
      });
      /* assert on the output */

      This ensures that you're testing the behavior the user would see in the browser. Learn more at https://react.dev/link/wrap-tests-with-act

       8 |   useEffect(() => {
       9 |     let alive = true;
    > 10 |     void AccessibilityInfo.isReduceMotionEnabled().then(value => { if (alive) setReduced(value); }).catch(() => undefined);
         |                                                                               ^
      11 |     const motion = AccessibilityInfo.addEventListener('reduceMotionChanged', setReduced);
      12 |     const app = AppState.addEventListener('change', state => setForeground(state === 'active'));
      13 |     return () => { alive = false; motion.remove(); app.remove(); };

      at node_modules/react-test-renderer/cjs/react-test-renderer.development.js:14402:19
      at runWithFiberInDEV (node_modules/react-test-renderer/cjs/react-test-renderer.development.js:2315:13)
      at warnIfUpdatesNotWrappedWithActDEV (node_modules/react-test-renderer/cjs/react-test-renderer.development.js:14401:9)
      at scheduleUpdateOnFiber (node_modules/react-test-renderer/cjs/react-test-renderer.development.js:12086:9)
      at dispatchSetStateInternal (node_modules/react-test-renderer/cjs/react-test-renderer.development.js:6208:13)
      at dispatchSetState (node_modules/react-test-renderer/cjs/react-test-renderer.development.js:6165:7)
      at setReduced (src/components/wondee/motion.ts:10:79)

    console.error
      An update to WondeeMascot inside a test was not wrapped in act(...).

      When testing, code that causes React state updates should be wrapped into act(...):

      act(() => {
        /* fire events that update state */
      });
      /* assert on the output */

      This ensures that you're testing the behavior the user would see in the browser. Learn more at https://react.dev/link/wrap-tests-with-act

       8 |   useEffect(() => {
       9 |     let alive = true;
    > 10 |     void AccessibilityInfo.isReduceMotionEnabled().then(value => { if (alive) setReduced(value); }).catch(() => undefined);
         |                                                                               ^
      11 |     const motion = AccessibilityInfo.addEventListener('reduceMotionChanged', setReduced);
      12 |     const app = AppState.addEventListener('change', state => setForeground(state === 'active'));
      13 |     return () => { alive = false; motion.remove(); app.remove(); };

      at node_modules/react-test-renderer/cjs/react-test-renderer.development.js:14402:19
      at runWithFiberInDEV (node_modules/react-test-renderer/cjs/react-test-renderer.development.js:2315:13)
      at warnIfUpdatesNotWrappedWithActDEV (node_modules/react-test-renderer/cjs/react-test-renderer.development.js:14401:9)
      at scheduleUpdateOnFiber (node_modules/react-test-renderer/cjs/react-test-renderer.development.js:12086:9)
      at dispatchSetStateInternal (node_modules/react-test-renderer/cjs/react-test-renderer.development.js:6208:13)
      at dispatchSetState (node_modules/react-test-renderer/cjs/react-test-renderer.development.js:6165:7)
      at setReduced (src/components/wondee/motion.ts:10:79)

    console.error
      An update to WondeeMascot inside a test was not wrapped in act(...).

      When testing, code that causes React state updates should be wrapped into act(...):

      act(() => {
        /* fire events that update state */
      });
      /* assert on the output */

      This ensures that you're testing the behavior the user would see in the browser. Learn more at https://react.dev/link/wrap-tests-with-act

       8 |   useEffect(() => {
       9 |     let alive = true;
    > 10 |     void AccessibilityInfo.isReduceMotionEnabled().then(value => { if (alive) setReduced(value); }).catch(() => undefined);
         |                                                                               ^
      11 |     const motion = AccessibilityInfo.addEventListener('reduceMotionChanged', setReduced);
      12 |     const app = AppState.addEventListener('change', state => setForeground(state === 'active'));
      13 |     return () => { alive = false; motion.remove(); app.remove(); };

      at node_modules/react-test-renderer/cjs/react-test-renderer.development.js:14402:19
      at runWithFiberInDEV (node_modules/react-test-renderer/cjs/react-test-renderer.development.js:2315:13)
      at warnIfUpdatesNotWrappedWithActDEV (node_modules/react-test-renderer/cjs/react-test-renderer.development.js:14401:9)
      at scheduleUpdateOnFiber (node_modules/react-test-renderer/cjs/react-test-renderer.development.js:12086:9)
      at dispatchSetStateInternal (node_modules/react-test-renderer/cjs/react-test-renderer.development.js:6208:13)
      at dispatchSetState (node_modules/react-test-renderer/cjs/react-test-renderer.development.js:6165:7)
      at setReduced (src/components/wondee/motion.ts:10:79)

    console.error
      An update to WondeeMascot inside a test was not wrapped in act(...).

      When testing, code that causes React state updates should be wrapped into act(...):

      act(() => {
        /* fire events that update state */
      });
      /* assert on the output */

      This ensures that you're testing the behavior the user would see in the browser. Learn more at https://react.dev/link/wrap-tests-with-act

       8 |   useEffect(() => {
       9 |     let alive = true;
    > 10 |     void AccessibilityInfo.isReduceMotionEnabled().then(value => { if (alive) setReduced(value); }).catch(() => undefined);
         |                                                                               ^
      11 |     const motion = AccessibilityInfo.addEventListener('reduceMotionChanged', setReduced);
      12 |     const app = AppState.addEventListener('change', state => setForeground(state === 'active'));
      13 |     return () => { alive = false; motion.remove(); app.remove(); };

      at node_modules/react-test-renderer/cjs/react-test-renderer.development.js:14402:19
      at runWithFiberInDEV (node_modules/react-test-renderer/cjs/react-test-renderer.development.js:2315:13)
      at warnIfUpdatesNotWrappedWithActDEV (node_modules/react-test-renderer/cjs/react-test-renderer.development.js:14401:9)
      at scheduleUpdateOnFiber (node_modules/react-test-renderer/cjs/react-test-renderer.development.js:12086:9)
      at dispatchSetStateInternal (node_modules/react-test-renderer/cjs/react-test-renderer.development.js:6208:13)
      at dispatchSetState (node_modules/react-test-renderer/cjs/react-test-renderer.development.js:6165:7)
      at setReduced (src/components/wondee/motion.ts:10:79)

    console.error
      An update to WondeeMascot inside a test was not wrapped in act(...).

      When testing, code that causes React state updates should be wrapped into act(...):

      act(() => {
        /* fire events that update state */
      });
      /* assert on the output */

      This ensures that you're testing the behavior the user would see in the browser. Learn more at https://react.dev/link/wrap-tests-with-act

       8 |   useEffect(() => {
       9 |     let alive = true;
    > 10 |     void AccessibilityInfo.isReduceMotionEnabled().then(value => { if (alive) setReduced(value); }).catch(() => undefined);
         |                                                                               ^
      11 |     const motion = AccessibilityInfo.addEventListener('reduceMotionChanged', setReduced);
      12 |     const app = AppState.addEventListener('change', state => setForeground(state === 'active'));
      13 |     return () => { alive = false; motion.remove(); app.remove(); };

      at node_modules/react-test-renderer/cjs/react-test-renderer.development.js:14402:19
      at runWithFiberInDEV (node_modules/react-test-renderer/cjs/react-test-renderer.development.js:2315:13)
      at warnIfUpdatesNotWrappedWithActDEV (node_modules/react-test-renderer/cjs/react-test-renderer.development.js:14401:9)
      at scheduleUpdateOnFiber (node_modules/react-test-renderer/cjs/react-test-renderer.development.js:12086:9)
      at dispatchSetStateInternal (node_modules/react-test-renderer/cjs/react-test-renderer.development.js:6208:13)
      at dispatchSetState (node_modules/react-test-renderer/cjs/react-test-renderer.development.js:6165:7)
      at setReduced (src/components/wondee/motion.ts:10:79)

PASS component-tests/admin-verification-screen.test.tsx
PASS component-tests/order-detail-screen.test.tsx
PASS component-tests/new-product-screen.test.tsx
PASS component-tests/sell-screen.test.tsx
PASS component-tests/my-products.test.tsx
PASS component-tests/product-catalog-ui.test.tsx
PASS component-tests/product-management-layout.test.tsx
PASS component-tests/wondee-accessibility.test.tsx

Test Suites: 18 passed, 18 total
Tests:       147 passed, 147 total
Snapshots:   0 total
Time:        8.318 s
Ran all test suites.
